variant,reaction id,stoichiometry,average flux,average substrate concentrations,average transporter concentrations
0,ABC-12-RXN,"{u'PI[c]': 1, u'ADP[c]': 1, u'GLN[c]': 1, u'PROTON[c]': 1, u'ATP[c]': -1, u'WATER[c]': -1, u'GLN[p]': -1}",0.0,"{u'PI[c]': 0.0004998930375564181, u'ADP[c]': 0.000559892406471999, u'GLN[c]': 0.003799904436429286, u'PROTON[c]': 1.7791078828303944e-05, u'ATP[c]': 0.009597957269999177, u'WATER[c]': 42.73327866215106, u'GLN[p]': 0.0}",{u'ABC-12-CPLX[i]': 1.7120855369775223e-07}
1,ABC-12-RXN,"{u'PI[c]': 1, u'ADP[c]': 1, u'GLN[c]': 1, u'PROTON[c]': 1, u'ATP[c]': -1, u'WATER[c]': -1, u'GLN[p]': -1}",0.0,"{u'PI[c]': 0.0004999543270034773, u'ADP[c]': 0.0005599674761850176, u'GLN[c]': 0.003800710426214309, u'PROTON[c]': 1.767903329435094e-05, u'ATP[c]': 0.009599139586137196, u'WATER[c]': 42.73838191133856, u'GLN[p]': 0.0}",{u'ABC-12-CPLX[i]': 2.0484400013782126e-07}
2,ABC-12-RXN,"{u'PI[c]': 1, u'ADP[c]': 1, u'GLN[c]': 1, u'PROTON[c]': 1, u'ATP[c]': -1, u'WATER[c]': -1, u'GLN[p]': -1}",0.001717463749234191,"{u'PI[c]': 0.0004998164925062599, u'ADP[c]': 0.0005597984704202673, u'GLN[c]': 0.007597886055457026, u'PROTON[c]': 2.3067325749395924e-05, u'ATP[c]': 0.009596480208742935, u'WATER[c]': 42.72689289534784, u'GLN[p]': 0.0}",{u'ABC-12-CPLX[i]': 1.3458321605467415e-07}
0,RXN0-5202,"{u'L-ALPHA-ALANINE[p]': -1, u'PROTON[c]': 1, u'L-ALPHA-ALANINE[c]': 1, u'PROTON[p]': -1}",0.0,"{u'L-ALPHA-ALANINE[p]': 0.0, u'PROTON[c]': 1.7791078828303944e-05, u'L-ALPHA-ALANINE[c]': 0.002601022173105911, u'PROTON[p]': 0.0}",{u'CYCA-MONOMER[i]': 3.337807358268335e-07}
1,RXN0-5202,"{u'L-ALPHA-ALANINE[p]': -1, u'PROTON[c]': 1, u'L-ALPHA-ALANINE[c]': 1, u'PROTON[p]': -1}",0.0,"{u'L-ALPHA-ALANINE[p]': 0.0, u'PROTON[c]': 1.767903329435094e-05, u'L-ALPHA-ALANINE[c]': 0.002602172723012051, u'PROTON[p]': 0.0}",{u'CYCA-MONOMER[i]': 3.6421323937121907e-07}
2,RXN0-5202,"{u'L-ALPHA-ALANINE[p]': -1, u'PROTON[c]': 1, u'L-ALPHA-ALANINE[c]': 1, u'PROTON[p]': -1}",0.0009251572243559951,"{u'L-ALPHA-ALANINE[p]': 0.0, u'PROTON[c]': 2.3067325749395924e-05, u'L-ALPHA-ALANINE[c]': 0.00519960317963062, u'PROTON[p]': 0.0}",{u'CYCA-MONOMER[i]': 3.437108346352029e-07}
0,TRANS-RXN0-265-HIS//HIS.9.,"{u'HIS[p]': 1, u'HIS[c]': -1}",0.0,"{u'HIS[p]': 0.0, u'HIS[c]': 6.83185412037842e-05}",{u'EG12713-MONOMER[i]': 5.747686980675429e-08}
1,TRANS-RXN0-265-HIS//HIS.9.,"{u'HIS[p]': 1, u'HIS[c]': -1}",0.0,"{u'HIS[p]': 0.0, u'HIS[c]': 6.876733429019612e-05}",{u'EG12713-MONOMER[i]': 7.624050594048729e-08}
2,TRANS-RXN0-265-HIS//HIS.9.,"{u'HIS[p]': 1, u'HIS[c]': -1}",3.995982636828881e-07,"{u'HIS[p]': 0.0, u'HIS[c]': 0.00013621944139792207}",{u'EG12713-MONOMER[i]': 4.0750717990756834e-08}
0,TRANS-RXN0-569-THR//THR.9.,"{u'THR[p]': 1, u'THR[c]': -1}",0.0,"{u'THR[p]': 0.0, u'THR[c]': 0.00018097559538532925}",{u'G6458-MONOMER[i]': 1.2868472078322713e-07}
1,TRANS-RXN0-569-THR//THR.9.,"{u'THR[p]': 1, u'THR[c]': -1}",0.0,"{u'THR[p]': 0.0, u'THR[c]': 0.0001813546532997309}",{u'G6458-MONOMER[i]': 1.6572454804016637e-07}
2,TRANS-RXN0-569-THR//THR.9.,"{u'THR[p]': 1, u'THR[c]': -1}",8.192194868399348e-07,"{u'THR[p]': 0.0, u'THR[c]': 0.0003608875709246828}",{u'G6458-MONOMER[i]': 1.1171997069271488e-07}
0,TRANS-RXN0-265-TRP//TRP.9.,"{u'TRP[p]': 1, u'TRP[c]': -1}",0.0,"{u'TRP[p]': 0.0, u'TRP[c]': 1.2139925558860728e-05}",{u'EG12713-MONOMER[i]': 5.747686980675429e-08}
1,TRANS-RXN0-265-TRP//TRP.9.,"{u'TRP[p]': 1, u'TRP[c]': -1}",0.0,"{u'TRP[p]': 0.0, u'TRP[c]': 1.2494204937442158e-05}",{u'EG12713-MONOMER[i]': 7.624050594048729e-08}
2,TRANS-RXN0-265-TRP//TRP.9.,"{u'TRP[p]': 1, u'TRP[c]': -1}",0.0,"{u'TRP[p]': 0.0, u'TRP[c]': 0.00045038147200691524}",{u'EG12713-MONOMER[i]': 4.0750717990756834e-08}
0,TRANS-RXN0-569-ASN//ASN.9.,"{u'ASN[p]': 1, u'ASN[c]': -1}",1.6640800809110518e-05,"{u'ASN[p]': 0.0, u'ASN[c]': 0.0005106135603208135}",{u'G6458-MONOMER[i]': 1.2868472078322713e-07}
1,TRANS-RXN0-569-ASN//ASN.9.,"{u'ASN[p]': 1, u'ASN[c]': -1}",0.00012337479154845307,"{u'ASN[p]': 0.0, u'ASN[c]': 0.0005110293796799143}",{u'G6458-MONOMER[i]': 1.6572454804016637e-07}
2,TRANS-RXN0-569-ASN//ASN.9.,"{u'ASN[p]': 1, u'ASN[c]': -1}",1.627141834829511e-05,"{u'ASN[p]': 0.0, u'ASN[c]': 0.0010204049132552454}",{u'G6458-MONOMER[i]': 1.1171997069271488e-07}
0,ABC-14-RXN,"{u'PI[c]': 1, u'ADP[c]': 1, u'PROTON[c]': 1, u'HIS[c]': 1, u'WATER[c]': -1, u'ATP[c]': -1, u'HIS[p]': -1}",0.0,"{u'PI[c]': 0.0004998930375564181, u'ADP[c]': 0.000559892406471999, u'PROTON[c]': 1.7791078828303944e-05, u'HIS[c]': 6.83185412037842e-05, u'HIS[p]': 0.0, u'ATP[c]': 0.009597957269999177, u'WATER[c]': 42.73327866215106}",{u'ABC-14-CPLX[i]': 3.772431988193343e-08}
1,ABC-14-RXN,"{u'PI[c]': 1, u'ADP[c]': 1, u'PROTON[c]': 1, u'HIS[c]': 1, u'WATER[c]': -1, u'ATP[c]': -1, u'HIS[p]': -1}",0.0,"{u'PI[c]': 0.0004999543270034773, u'ADP[c]': 0.0005599674761850176, u'PROTON[c]': 1.767903329435094e-05, u'HIS[c]': 6.876733429019612e-05, u'HIS[p]': 0.0, u'ATP[c]': 0.009599139586137196, u'WATER[c]': 42.73838191133856}",{u'ABC-14-CPLX[i]': 4.2470759642011166e-08}
2,ABC-14-RXN,"{u'PI[c]': 1, u'ADP[c]': 1, u'PROTON[c]': 1, u'HIS[c]': 1, u'WATER[c]': -1, u'ATP[c]': -1, u'HIS[p]': -1}",0.0004772656664683063,"{u'PI[c]': 0.0004998164925062599, u'ADP[c]': 0.0005597984704202673, u'PROTON[c]': 2.3067325749395924e-05, u'HIS[c]': 0.00013621944139792207, u'HIS[p]': 0.0, u'ATP[c]': 0.009596480208742935, u'WATER[c]': 42.72689289534784}",{u'ABC-14-CPLX[i]': 1.267037825467974e-08}
0,TRANS-RXN-62B,"{u'PROTON[c]': 1, u'PROTON[p]': -1, u'GLY[p]': -1, u'GLY[c]': 1}",0.0,"{u'PROTON[c]': 1.7791078828303944e-05, u'GLY[c]': 0.0026006097182397023, u'GLY[p]': 0.0, u'PROTON[p]': 0.0}",{u'CYCA-MONOMER[i]': 3.337807358268335e-07}
1,TRANS-RXN-62B,"{u'PROTON[c]': 1, u'PROTON[p]': -1, u'GLY[p]': -1, u'GLY[c]': 1}",0.0,"{u'PROTON[c]': 1.767903329435094e-05, u'GLY[c]': 0.0026014620460465807, u'GLY[p]': 0.0, u'PROTON[p]': 0.0}",{u'CYCA-MONOMER[i]': 3.6421323937121907e-07}
2,TRANS-RXN-62B,"{u'PROTON[c]': 1, u'PROTON[p]': -1, u'GLY[p]': -1, u'GLY[c]': 1}",0.00011601504934809837,"{u'PROTON[c]': 2.3067325749395924e-05, u'GLY[c]': 0.005199211082906494, u'GLY[p]': 0.0, u'PROTON[p]': 0.0}",{u'CYCA-MONOMER[i]': 3.437108346352029e-07}
0,TRANS-RXN0-569-MET//MET.9.,"{u'MET[p]': 1, u'MET[c]': -1}",0.0,"{u'MET[p]': 0.0, u'MET[c]': 0.00015034834048017307}",{u'G6458-MONOMER[i]': 1.2868472078322713e-07}
1,TRANS-RXN0-569-MET//MET.9.,"{u'MET[p]': 1, u'MET[c]': -1}",0.0,"{u'MET[p]': 0.0, u'MET[c]': 0.00014698694716577893}",{u'G6458-MONOMER[i]': 1.6572454804016637e-07}
2,TRANS-RXN0-569-MET//MET.9.,"{u'MET[p]': 1, u'MET[c]': -1}",0.0,"{u'MET[p]': 0.0, u'MET[c]': 0.0003002280900809609}",{u'G6458-MONOMER[i]': 1.1171997069271488e-07}
0,TRANS-RXN0-554,"{u'L-ASPARTATE[p]': -1, u'L-ASPARTATE[c]': 1}",3.7056516428413134e-06,"{u'L-ASPARTATE[p]': 0.0, u'L-ASPARTATE[c]': 0.004200033330291084}",{u'YCHM-MONOMER[i]': 2.923996372196664e-08}
1,TRANS-RXN0-554,"{u'L-ASPARTATE[p]': -1, u'L-ASPARTATE[c]': 1}",1.2388971345262483e-05,"{u'L-ASPARTATE[p]': 0.0, u'L-ASPARTATE[c]': 0.004200994570976621}",{u'YCHM-MONOMER[i]': 4.067334482706578e-08}
2,TRANS-RXN0-554,"{u'L-ASPARTATE[p]': -1, u'L-ASPARTATE[c]': 1}",5.683691170434881e-05,"{u'L-ASPARTATE[p]': 0.0, u'L-ASPARTATE[c]': 0.008397822960782257}",{u'YCHM-MONOMER[i]': 2.566824440328496e-08}
0,ABC-36-RXN,"{u'PI[c]': 1, u'ADP[c]': 1, u'VAL[c]': 1, u'PROTON[c]': 1, u'ATP[c]': -1, u'WATER[c]': -1, u'VAL[p]': -1}",0.0,"{u'PI[c]': 0.0004998930375564181, u'ADP[c]': 0.000559892406471999, u'VAL[c]': 0.004000333742918804, u'PROTON[c]': 1.7791078828303944e-05, u'ATP[c]': 0.009597957269999177, u'WATER[c]': 42.73327866215106, u'VAL[p]': 0.0}",{u'ABC-15-CPLX[i]': 1.2010506091659202e-07}
1,ABC-36-RXN,"{u'PI[c]': 1, u'ADP[c]': 1, u'VAL[c]': 1, u'PROTON[c]': 1, u'ATP[c]': -1, u'WATER[c]': -1, u'VAL[p]': -1}",0.0,"{u'PI[c]': 0.0004999543270034773, u'ADP[c]': 0.0005599674761850176, u'VAL[c]': 0.004001457311152964, u'PROTON[c]': 1.767903329435094e-05, u'ATP[c]': 0.009599139586137196, u'WATER[c]': 42.73838191133856, u'VAL[p]': 0.0}",{u'ABC-15-CPLX[i]': 1.2244528417367363e-07}
2,ABC-36-RXN,"{u'PI[c]': 1, u'ADP[c]': 1, u'VAL[c]': 1, u'PROTON[c]': 1, u'ATP[c]': -1, u'WATER[c]': -1, u'VAL[p]': -1}",7.094778817825654e-06,"{u'PI[c]': 0.0004998164925062599, u'ADP[c]': 0.0005597984704202673, u'VAL[c]': 0.007998183535212639, u'PROTON[c]': 2.3067325749395924e-05, u'ATP[c]': 0.009596480208742935, u'WATER[c]': 42.72689289534784, u'VAL[p]': 0.0}",{u'ABC-15-CPLX[i]': 1.1504669819107698e-07}
0,ABC-4-RXN,"{u'PI[c]': 1, u'ADP[c]': 1, u'PROTON[c]': 1, u'ARG[p]': -1, u'ATP[c]': -1, u'WATER[c]': -1, u'ARG[c]': 1}",0.0,"{u'PI[c]': 0.0004998930375564181, u'ADP[c]': 0.000559892406471999, u'PROTON[c]': 1.7791078828303944e-05, u'ARG[p]': 0.0, u'ATP[c]': 0.009597957269999177, u'WATER[c]': 42.73327866215106, u'ARG[c]': 0.0005707676141991611}","{u'ABC-4-CPLX[i]': 3.4875876487882396e-08, u'ABC-3-CPLX[i]': 3.73316839691706e-08}"
1,ABC-4-RXN,"{u'PI[c]': 1, u'ADP[c]': 1, u'PROTON[c]': 1, u'ARG[p]': -1, u'ATP[c]': -1, u'WATER[c]': -1, u'ARG[c]': 1}",0.0,"{u'PI[c]': 0.0004999543270034773, u'ADP[c]': 0.0005599674761850176, u'PROTON[c]': 1.767903329435094e-05, u'ARG[p]': 0.0, u'ATP[c]': 0.009599139586137196, u'WATER[c]': 42.73838191133856, u'ARG[c]': 0.0005713892914524111}","{u'ABC-4-CPLX[i]': 3.711819837681788e-08, u'ABC-3-CPLX[i]': 4.174046771778596e-08}"
2,ABC-4-RXN,"{u'PI[c]': 1, u'ADP[c]': 1, u'PROTON[c]': 1, u'ARG[p]': -1, u'ATP[c]': -1, u'WATER[c]': -1, u'ARG[c]': 1}",0.0019679625709554216,"{u'PI[c]': 0.0004998164925062599, u'ADP[c]': 0.0005597984704202673, u'PROTON[c]': 2.3067325749395924e-05, u'ARG[p]': 0.0, u'ATP[c]': 0.009596480208742935, u'WATER[c]': 42.72689289534784, u'ARG[c]': 0.001140303041195887}","{u'ABC-4-CPLX[i]': 1.0650912922406749e-08, u'ABC-3-CPLX[i]': 1.2775457152400168e-08}"
0,RXN0-7050,"{u'PROTON[c]': 1, u'PROTON[p]': -1, u'MET[p]': 1, u'MET[c]': -1}",0.0,"{u'PROTON[c]': 1.7791078828303944e-05, u'MET[c]': 0.00015034834048017307, u'MET[p]': 0.0, u'PROTON[p]': 0.0}","{u'B4141-MONOMER[i]': 3.294098210838352e-08, u'G6984-MONOMER[i]': 1.3063690119186659e-08}"
1,RXN0-7050,"{u'PROTON[c]': 1, u'PROTON[p]': -1, u'MET[p]': 1, u'MET[c]': -1}",0.0,"{u'PROTON[c]': 1.767903329435094e-05, u'MET[c]': 0.00014698694716577893, u'MET[p]': 0.0, u'PROTON[p]': 0.0}","{u'B4141-MONOMER[i]': 3.556168128327567e-08, u'G6984-MONOMER[i]': 1.775454748485258e-08}"
2,RXN0-7050,"{u'PROTON[c]': 1, u'PROTON[p]': -1, u'MET[p]': 1, u'MET[c]': -1}",0.0,"{u'PROTON[c]': 2.3067325749395924e-05, u'MET[c]': 0.0003002280900809609, u'MET[p]': 0.0, u'PROTON[p]': 0.0}","{u'B4141-MONOMER[i]': 3.5220815450074734e-08, u'G6984-MONOMER[i]': 1.0617553331896163e-08}"
0,TRANS-RXN-29,"{u'PROTON[c]': 1, u'PRO[p]': -1, u'PRO[c]': 1, u'PROTON[p]': -1}",0.0,"{u'PROTON[c]': 1.7791078828303944e-05, u'PRO[p]': 0.0, u'PRO[c]': 0.00039049855309462026, u'PROTON[p]': 0.0}",{u'CPLX0-7642[i]': 1.8254950326248214e-07}
1,TRANS-RXN-29,"{u'PROTON[c]': 1, u'PRO[p]': -1, u'PRO[c]': 1, u'PROTON[p]': -1}",0.0,"{u'PROTON[c]': 1.767903329435094e-05, u'PRO[p]': 0.0, u'PRO[c]': 0.0003900027449839748, u'PROTON[p]': 0.0}",{u'CPLX0-7642[i]': 2.0081884398784834e-07}
2,TRANS-RXN-29,"{u'PROTON[c]': 1, u'PRO[p]': -1, u'PRO[c]': 1, u'PROTON[p]': -1}",0.001375489685637999,"{u'PROTON[c]': 2.3067325749395924e-05, u'PRO[p]': 0.0, u'PRO[c]': 0.0007802523295080244, u'PROTON[p]': 0.0}",{u'CPLX0-7642[i]': 1.8487707373679176e-07}
0,TRANS-RXN0-270,"{u'LEU[p]': 1, u'LEU[c]': -1, u'PROTON[c]': 1, u'PROTON[p]': -1}",0.0,"{u'LEU[p]': 0.0, u'LEU[c]': 0.00019337858611329878, u'PROTON[c]': 1.7791078828303944e-05, u'PROTON[p]': 0.0}","{u'B4141-MONOMER[i]': 3.294098210838352e-08, u'G6984-MONOMER[i]': 1.3063690119186659e-08}"
1,TRANS-RXN0-270,"{u'LEU[p]': 1, u'LEU[c]': -1, u'PROTON[c]': 1, u'PROTON[p]': -1}",0.0,"{u'LEU[p]': 0.0, u'LEU[c]': 0.00020264959706760361, u'PROTON[c]': 1.767903329435094e-05, u'PROTON[p]': 0.0}","{u'B4141-MONOMER[i]': 3.556168128327567e-08, u'G6984-MONOMER[i]': 1.775454748485258e-08}"
2,TRANS-RXN0-270,"{u'LEU[p]': 1, u'LEU[c]': -1, u'PROTON[c]': 1, u'PROTON[p]': -1}",0.0,"{u'LEU[p]': 0.0, u'LEU[c]': 0.0016437738791881835, u'PROTON[c]': 2.3067325749395924e-05, u'PROTON[p]': 0.0}","{u'B4141-MONOMER[i]': 3.5220815450074734e-08, u'G6984-MONOMER[i]': 1.0617553331896163e-08}"
0,RXN0-1924,"{u'CYS[p]': 1, u'CYS[c]': -1}",0.0,"{u'CYS[p]': 0.0, u'CYS[c]': 1.2085692857373807e-05}","{u'EG11639-MONOMER[i]': 7.980356308500368e-08, u'EG12445-MONOMER[i]': 3.019727701111345e-08}"
1,RXN0-1924,"{u'CYS[p]': 1, u'CYS[c]': -1}",0.0,"{u'CYS[p]': 0.0, u'CYS[c]': 1.2128585790454855e-05}","{u'EG11639-MONOMER[i]': 1.0439900854706524e-07, u'EG12445-MONOMER[i]': 3.333742933286057e-08}"
2,RXN0-1924,"{u'CYS[p]': 1, u'CYS[c]': -1}",0.0,"{u'CYS[p]': 0.0, u'CYS[c]': 2.4074432375305044e-05}","{u'EG11639-MONOMER[i]': 6.108465145651793e-08, u'EG12445-MONOMER[i]': 2.3301930022951443e-08}"
0,TRANS-RXN0-265-PHE//PHE.9.,"{u'PHE[c]': -1, u'PHE[p]': 1}",0.0,"{u'PHE[c]': 1.8558889165049577e-05, u'PHE[p]': 0.0}",{u'EG12713-MONOMER[i]': 5.747686980675429e-08}
1,TRANS-RXN0-265-PHE//PHE.9.,"{u'PHE[c]': -1, u'PHE[p]': 1}",0.0,"{u'PHE[c]': 1.878620500261695e-05, u'PHE[p]': 0.0}",{u'EG12713-MONOMER[i]': 7.624050594048729e-08}
2,TRANS-RXN0-265-PHE//PHE.9.,"{u'PHE[c]': -1, u'PHE[p]': 1}",2.133239209954956e-06,"{u'PHE[c]': 3.6488090306595854e-05, u'PHE[p]': 0.0}",{u'EG12713-MONOMER[i]': 4.0750717990756834e-08}
0,TRANS-RXN0-222,"{u'PI[c]': 1, u'ADP[c]': 1, u'PROTON[c]': 1, u'L-ASPARTATE[p]': -1, u'ATP[c]': -1, u'L-ASPARTATE[c]': 1, u'WATER[c]': -1}",1.5284100709972915e-09,"{u'PI[c]': 0.0004998930375564181, u'ADP[c]': 0.000559892406471999, u'PROTON[c]': 1.7791078828303944e-05, u'L-ASPARTATE[p]': 0.0, u'ATP[c]': 0.009597957269999177, u'L-ASPARTATE[c]': 0.004200033330291084, u'WATER[c]': 42.73327866215106}",{u'ABC-13-CPLX[i]': 4.3395921997821936e-08}
1,TRANS-RXN0-222,"{u'PI[c]': 1, u'ADP[c]': 1, u'PROTON[c]': 1, u'L-ASPARTATE[p]': -1, u'ATP[c]': -1, u'L-ASPARTATE[c]': 1, u'WATER[c]': -1}",0.0,"{u'PI[c]': 0.0004999543270034773, u'ADP[c]': 0.0005599674761850176, u'PROTON[c]': 1.767903329435094e-05, u'L-ASPARTATE[p]': 0.0, u'ATP[c]': 0.009599139586137196, u'L-ASPARTATE[c]': 0.004200994570976621, u'WATER[c]': 42.73838191133856}",{u'ABC-13-CPLX[i]': 5.1829555765033265e-08}
2,TRANS-RXN0-222,"{u'PI[c]': 1, u'ADP[c]': 1, u'PROTON[c]': 1, u'L-ASPARTATE[p]': -1, u'ATP[c]': -1, u'L-ASPARTATE[c]': 1, u'WATER[c]': -1}",0.0,"{u'PI[c]': 0.0004998164925062599, u'ADP[c]': 0.0005597984704202673, u'PROTON[c]': 2.3067325749395924e-05, u'L-ASPARTATE[p]': 0.0, u'ATP[c]': 0.009596480208742935, u'L-ASPARTATE[c]': 0.008397822960782257, u'WATER[c]': 42.72689289534784}",{u'ABC-13-CPLX[i]': 3.897244172402429e-08}
0,TRANS-RXN0-517-L-ASPARTATE/PROTON//L-ASPARTATE/PROTON.39.,"{u'PROTON[c]': 2, u'PROTON[p]': -2, u'L-ASPARTATE[p]': -1, u'L-ASPARTATE[c]': 1}",0.0,"{u'PROTON[c]': 1.7791078828303944e-05, u'L-ASPARTATE[c]': 0.004200033330291084, u'L-ASPARTATE[p]': 0.0, u'PROTON[p]': 0.0}",{}
1,TRANS-RXN0-517-L-ASPARTATE/PROTON//L-ASPARTATE/PROTON.39.,"{u'PROTON[c]': 2, u'PROTON[p]': -2, u'L-ASPARTATE[p]': -1, u'L-ASPARTATE[c]': 1}",0.0,"{u'PROTON[c]': 1.767903329435094e-05, u'L-ASPARTATE[c]': 0.004200994570976621, u'L-ASPARTATE[p]': 0.0, u'PROTON[p]': 0.0}",{}
2,TRANS-RXN0-517-L-ASPARTATE/PROTON//L-ASPARTATE/PROTON.39.,"{u'PROTON[c]': 2, u'PROTON[p]': -2, u'L-ASPARTATE[p]': -1, u'L-ASPARTATE[c]': 1}",0.0,"{u'PROTON[c]': 2.3067325749395924e-05, u'L-ASPARTATE[c]': 0.008397822960782257, u'L-ASPARTATE[p]': 0.0, u'PROTON[p]': 0.0}",{}
0,TRANS-RXN0-569-VAL//VAL.9.,"{u'VAL[c]': -1, u'VAL[p]': 1}",0.0,"{u'VAL[c]': 0.004000333742918804, u'VAL[p]': 0.0}",{u'G6458-MONOMER[i]': 1.2868472078322713e-07}
1,TRANS-RXN0-569-VAL//VAL.9.,"{u'VAL[c]': -1, u'VAL[p]': 1}",0.0,"{u'VAL[c]': 0.004001457311152964, u'VAL[p]': 0.0}",{u'G6458-MONOMER[i]': 1.6572454804016637e-07}
2,TRANS-RXN0-569-VAL//VAL.9.,"{u'VAL[c]': -1, u'VAL[p]': 1}",0.0,"{u'VAL[c]': 0.007998183535212639, u'VAL[p]': 0.0}",{u'G6458-MONOMER[i]': 1.1171997069271488e-07}
0,TRANS-RXN0-569-ARG//ARG.9.,"{u'ARG[c]': -1, u'ARG[p]': 1}",0.0,"{u'ARG[c]': 0.0005707676141991611, u'ARG[p]': 0.0}",{u'G6458-MONOMER[i]': 1.2868472078322713e-07}
1,TRANS-RXN0-569-ARG//ARG.9.,"{u'ARG[c]': -1, u'ARG[p]': 1}",0.0,"{u'ARG[c]': 0.0005713892914524111, u'ARG[p]': 0.0}",{u'G6458-MONOMER[i]': 1.6572454804016637e-07}
2,TRANS-RXN0-569-ARG//ARG.9.,"{u'ARG[c]': -1, u'ARG[p]': 1}",-2.618000725048426e-21,"{u'ARG[c]': 0.001140303041195887, u'ARG[p]': 0.0}",{u'G6458-MONOMER[i]': 1.1171997069271488e-07}
0,TRANS-RXN0-569-LYS//LYS.9.,"{u'LYS[c]': -1, u'LYS[p]': 1}",0.0,"{u'LYS[c]': 0.0004108068401088884, u'LYS[p]': 0.0}",{u'G6458-MONOMER[i]': 1.2868472078322713e-07}
1,TRANS-RXN0-569-LYS//LYS.9.,"{u'LYS[c]': -1, u'LYS[p]': 1}",0.0,"{u'LYS[c]': 0.0004116423936794925, u'LYS[p]': 0.0}",{u'G6458-MONOMER[i]': 1.6572454804016637e-07}
2,TRANS-RXN0-569-LYS//LYS.9.,"{u'LYS[c]': -1, u'LYS[p]': 1}",0.0,"{u'LYS[c]': 0.0008205476584812022, u'LYS[p]': 0.0}",{u'G6458-MONOMER[i]': 1.1171997069271488e-07}
0,TRANS-RXN0-269,"{u'VAL[c]': -1, u'VAL[p]': 1}",0.0,"{u'VAL[c]': 0.004000333742918804, u'VAL[p]': 0.0}",{u'CPLX0-7684[i]': 7.206556212236659e-08}
1,TRANS-RXN0-269,"{u'VAL[c]': -1, u'VAL[p]': 1}",0.0,"{u'VAL[c]': 0.004001457311152964, u'VAL[p]': 0.0}",{u'CPLX0-7684[i]': 8.699368710670485e-08}
2,TRANS-RXN0-269,"{u'VAL[c]': -1, u'VAL[p]': 1}",0.0,"{u'VAL[c]': 0.007998183535212639, u'VAL[p]': 0.0}",{u'CPLX0-7684[i]': 6.862617450166887e-08}
0,TRANS-RXN0-569-L-SELENOCYSTEINE//L-SELENOCYSTEINE.35.,"{u'L-SELENOCYSTEINE[p]': 1, u'L-SELENOCYSTEINE[c]': -1}",0.0,"{u'L-SELENOCYSTEINE[p]': 0.0, u'L-SELENOCYSTEINE[c]': 2.3994866327220964e-05}",{u'G6458-MONOMER[i]': 1.2868472078322713e-07}
1,TRANS-RXN0-569-L-SELENOCYSTEINE//L-SELENOCYSTEINE.35.,"{u'L-SELENOCYSTEINE[p]': 1, u'L-SELENOCYSTEINE[c]': -1}",0.0,"{u'L-SELENOCYSTEINE[p]': 0.0, u'L-SELENOCYSTEINE[c]': 2.3997807105715355e-05}",{u'G6458-MONOMER[i]': 1.6572454804016637e-07}
2,TRANS-RXN0-569-L-SELENOCYSTEINE//L-SELENOCYSTEINE.35.,"{u'L-SELENOCYSTEINE[p]': 1, u'L-SELENOCYSTEINE[c]': -1}",0.0,"{u'L-SELENOCYSTEINE[p]': 0.0, u'L-SELENOCYSTEINE[c]': 2.3991191748422036e-05}",{u'G6458-MONOMER[i]': 1.1171997069271488e-07}
0,TRANS-RXN-122A,"{u'PROTON[c]': 2, u'PROTON[p]': -2, u'L-ASPARTATE[p]': -1, u'L-ASPARTATE[c]': 1}",3.679964699472434e-08,"{u'PROTON[c]': 1.7791078828303944e-05, u'L-ASPARTATE[c]': 0.004200033330291084, u'L-ASPARTATE[p]': 0.0, u'PROTON[p]': 0.0}","{u'GLTP-MONOMER[i]': 7.236320365972295e-08, u'DCTA-MONOMER[i]': 5.797188058746986e-08}"
1,TRANS-RXN-122A,"{u'PROTON[c]': 2, u'PROTON[p]': -2, u'L-ASPARTATE[p]': -1, u'L-ASPARTATE[c]': 1}",0.0,"{u'PROTON[c]': 1.767903329435094e-05, u'L-ASPARTATE[c]': 0.004200994570976621, u'L-ASPARTATE[p]': 0.0, u'PROTON[p]': 0.0}","{u'GLTP-MONOMER[i]': 7.776775426074758e-08, u'DCTA-MONOMER[i]': 6.369213434443864e-08}"
2,TRANS-RXN-122A,"{u'PROTON[c]': 2, u'PROTON[p]': -2, u'L-ASPARTATE[p]': -1, u'L-ASPARTATE[c]': 1}",3.761701620889066e-07,"{u'PROTON[c]': 2.3067325749395924e-05, u'L-ASPARTATE[c]': 0.008397822960782257, u'L-ASPARTATE[p]': 0.0, u'PROTON[p]': 0.0}","{u'GLTP-MONOMER[i]': 7.613329783702588e-08, u'DCTA-MONOMER[i]': 5.6731371992836205e-08}"
0,TRANS-RXN0-537,"{u'GLY[p]': -1, u'GLY[c]': 1}",0.0,"{u'GLY[p]': 0.0, u'GLY[c]': 0.0026006097182397023}",{u'CPLX0-7654[i]': 2.1137092549375987e-07}
1,TRANS-RXN0-537,"{u'GLY[p]': -1, u'GLY[c]': 1}",0.0,"{u'GLY[p]': 0.0, u'GLY[c]': 0.0026014620460465807}",{u'CPLX0-7654[i]': 2.418963754839061e-07}
2,TRANS-RXN0-537,"{u'GLY[p]': -1, u'GLY[c]': 1}",0.0016838373903232476,"{u'GLY[p]': 0.0, u'GLY[c]': 0.005199211082906494}",{u'CPLX0-7654[i]': 2.0850237151482887e-07}
0,TRANS-RXN0-569-HIS//HIS.9.,"{u'HIS[p]': 1, u'HIS[c]': -1}",0.0,"{u'HIS[p]': 0.0, u'HIS[c]': 6.83185412037842e-05}",{u'G6458-MONOMER[i]': 1.2868472078322713e-07}
1,TRANS-RXN0-569-HIS//HIS.9.,"{u'HIS[p]': 1, u'HIS[c]': -1}",0.0,"{u'HIS[p]': 0.0, u'HIS[c]': 6.876733429019612e-05}",{u'G6458-MONOMER[i]': 1.6572454804016637e-07}
2,TRANS-RXN0-569-HIS//HIS.9.,"{u'HIS[p]': 1, u'HIS[c]': -1}",0.0,"{u'HIS[p]': 0.0, u'HIS[c]': 0.00013621944139792207}",{u'G6458-MONOMER[i]': 1.1171997069271488e-07}
0,TRANS-RXN0-569-TRP//TRP.9.,"{u'TRP[p]': 1, u'TRP[c]': -1}",0.0,"{u'TRP[p]': 0.0, u'TRP[c]': 1.2139925558860728e-05}",{u'G6458-MONOMER[i]': 1.2868472078322713e-07}
1,TRANS-RXN0-569-TRP//TRP.9.,"{u'TRP[p]': 1, u'TRP[c]': -1}",0.0,"{u'TRP[p]': 0.0, u'TRP[c]': 1.2494204937442158e-05}",{u'G6458-MONOMER[i]': 1.6572454804016637e-07}
2,TRANS-RXN0-569-TRP//TRP.9.,"{u'TRP[p]': 1, u'TRP[c]': -1}",0.0,"{u'TRP[p]': 0.0, u'TRP[c]': 0.00045038147200691524}",{u'G6458-MONOMER[i]': 1.1171997069271488e-07}
0,RXN0-1924 (reverse),"{u'CYS[p]': -1, u'CYS[c]': 1}",0.0,"{u'CYS[p]': 0.0, u'CYS[c]': 1.2085692857373807e-05}","{u'EG11639-MONOMER[i]': 7.980356308500368e-08, u'EG12445-MONOMER[i]': 3.019727701111345e-08}"
1,RXN0-1924 (reverse),"{u'CYS[p]': -1, u'CYS[c]': 1}",0.0,"{u'CYS[p]': 0.0, u'CYS[c]': 1.2128585790454855e-05}","{u'EG11639-MONOMER[i]': 1.0439900854706524e-07, u'EG12445-MONOMER[i]': 3.333742933286057e-08}"
2,RXN0-1924 (reverse),"{u'CYS[p]': -1, u'CYS[c]': 1}",0.0002876954375965233,"{u'CYS[p]': 0.0, u'CYS[c]': 2.4074432375305044e-05}","{u'EG11639-MONOMER[i]': 6.108465145651793e-08, u'EG12445-MONOMER[i]': 2.3301930022951443e-08}"
0,ABC-15-RXN,"{u'PI[c]': 1, u'ADP[c]': 1, u'PROTON[c]': 1, u'ILE[c]': 1, u'WATER[c]': -1, u'ATP[c]': -1, u'ILE[p]': -1}",0.0,"{u'PI[c]': 0.0004998930375564181, u'ADP[c]': 0.000559892406471999, u'PROTON[c]': 1.7791078828303944e-05, u'ILE[c]': 0.00010871499082436169, u'ILE[p]': 0.0, u'ATP[c]': 0.009597957269999177, u'WATER[c]': 42.73327866215106}",{u'ABC-15-CPLX[i]': 1.2010506091659202e-07}
1,ABC-15-RXN,"{u'PI[c]': 1, u'ADP[c]': 1, u'PROTON[c]': 1, u'ILE[c]': 1, u'WATER[c]': -1, u'ATP[c]': -1, u'ILE[p]': -1}",0.0,"{u'PI[c]': 0.0004999543270034773, u'ADP[c]': 0.0005599674761850176, u'PROTON[c]': 1.767903329435094e-05, u'ILE[c]': 0.00011031115598140952, u'ILE[p]': 0.0, u'ATP[c]': 0.009599139586137196, u'WATER[c]': 42.73838191133856}",{u'ABC-15-CPLX[i]': 1.2244528417367363e-07}
2,ABC-15-RXN,"{u'PI[c]': 1, u'ADP[c]': 1, u'PROTON[c]': 1, u'ILE[c]': 1, u'WATER[c]': -1, u'ATP[c]': -1, u'ILE[p]': -1}",2.1861418459554036e-05,"{u'PI[c]': 0.0004998164925062599, u'ADP[c]': 0.0005597984704202673, u'PROTON[c]': 2.3067325749395924e-05, u'ILE[c]': 0.00021660987774735165, u'ILE[p]': 0.0, u'ATP[c]': 0.009596480208742935, u'WATER[c]': 42.72689289534784}",{u'ABC-15-CPLX[i]': 1.1504669819107698e-07}
0,TRANS-RXN0-569-L-ASPARTATE//L-ASPARTATE.25.,"{u'L-ASPARTATE[p]': 1, u'L-ASPARTATE[c]': -1}",0.003602451371087867,"{u'L-ASPARTATE[p]': 0.0, u'L-ASPARTATE[c]': 0.004200033330291084}",{u'G6458-MONOMER[i]': 1.2868472078322713e-07}
1,TRANS-RXN0-569-L-ASPARTATE//L-ASPARTATE.25.,"{u'L-ASPARTATE[p]': 1, u'L-ASPARTATE[c]': -1}",0.0011458555830155248,"{u'L-ASPARTATE[p]': 0.0, u'L-ASPARTATE[c]': 0.004200994570976621}",{u'G6458-MONOMER[i]': 1.6572454804016637e-07}
2,TRANS-RXN0-569-L-ASPARTATE//L-ASPARTATE.25.,"{u'L-ASPARTATE[p]': 1, u'L-ASPARTATE[c]': -1}",0.00390480423389025,"{u'L-ASPARTATE[p]': 0.0, u'L-ASPARTATE[c]': 0.008397822960782257}",{u'G6458-MONOMER[i]': 1.1171997069271488e-07}
0,TRANS-RXN0-569-GLN//GLN.9.,"{u'GLN[c]': -1, u'GLN[p]': 1}",0.0,"{u'GLN[c]': 0.003799904436429286, u'GLN[p]': 0.0}",{u'G6458-MONOMER[i]': 1.2868472078322713e-07}
1,TRANS-RXN0-569-GLN//GLN.9.,"{u'GLN[c]': -1, u'GLN[p]': 1}",0.0,"{u'GLN[c]': 0.003800710426214309, u'GLN[p]': 0.0}",{u'G6458-MONOMER[i]': 1.6572454804016637e-07}
2,TRANS-RXN0-569-GLN//GLN.9.,"{u'GLN[c]': -1, u'GLN[p]': 1}",0.0,"{u'GLN[c]': 0.007597886055457026, u'GLN[p]': 0.0}",{u'G6458-MONOMER[i]': 1.1171997069271488e-07}
0,TRANS-RXN-126B,"{u'LEU[p]': -1, u'LEU[c]': 1, u'NA+[p]': -1, u'NA+[c]': 1}",0.0,"{u'LEU[p]': 0.0, u'LEU[c]': 0.00019337858611329878, u'NA+[p]': 9.99786078427312e-05, u'NA+[c]': 0.0}",{u'BRNQ-MONOMER[i]': 1.3234322931443472e-07}
1,TRANS-RXN-126B,"{u'LEU[p]': -1, u'LEU[c]': 1, u'NA+[p]': -1, u'NA+[c]': 1}",0.0,"{u'LEU[p]': 0.0, u'LEU[c]': 0.00020264959706760361, u'NA+[p]': 9.999086611346773e-05, u'NA+[c]': 0.0}",{u'BRNQ-MONOMER[i]': 1.603399092191301e-07}
2,TRANS-RXN-126B,"{u'LEU[p]': -1, u'LEU[c]': 1, u'NA+[p]': -1, u'NA+[c]': 1}",0.002921125635440171,"{u'LEU[p]': 0.0, u'LEU[c]': 0.0016437738791881835, u'NA+[p]': 9.996329887281443e-05, u'NA+[c]': 0.0}",{u'BRNQ-MONOMER[i]': 1.164884557565571e-07}
0,TRANS-RXN-126A,"{u'VAL[p]': -1, u'VAL[c]': 1, u'NA+[p]': -1, u'NA+[c]': 1}",0.0,"{u'NA+[c]': 0.0, u'NA+[p]': 9.99786078427312e-05, u'VAL[c]': 0.004000333742918804, u'VAL[p]': 0.0}",{u'BRNQ-MONOMER[i]': 1.3234322931443472e-07}
1,TRANS-RXN-126A,"{u'VAL[p]': -1, u'VAL[c]': 1, u'NA+[p]': -1, u'NA+[c]': 1}",0.0,"{u'NA+[c]': 0.0, u'NA+[p]': 9.999086611346773e-05, u'VAL[c]': 0.004001457311152964, u'VAL[p]': 0.0}",{u'BRNQ-MONOMER[i]': 1.603399092191301e-07}
2,TRANS-RXN-126A,"{u'VAL[p]': -1, u'VAL[c]': 1, u'NA+[p]': -1, u'NA+[c]': 1}",0.002446643987884462,"{u'NA+[c]': 0.0, u'NA+[p]': 9.996329887281443e-05, u'VAL[c]': 0.007998183535212639, u'VAL[p]': 0.0}",{u'BRNQ-MONOMER[i]': 1.164884557565571e-07}
0,ABC-26-RXN,"{u'PI[c]': 1, u'ADP[c]': 1, u'PROTON[c]': 1, u'PRO[p]': -1, u'PRO[c]': 1, u'ATP[c]': -1, u'WATER[c]': -1}",0.0,"{u'PI[c]': 0.0004998930375564181, u'ADP[c]': 0.000559892406471999, u'PROTON[c]': 1.7791078828303944e-05, u'PRO[p]': 0.0, u'PRO[c]': 0.00039049855309462026, u'ATP[c]': 0.009597957269999177, u'WATER[c]': 42.73327866215106}",{u'ABC-26-CPLX[i]': 5.007571544634356e-08}
1,ABC-26-RXN,"{u'PI[c]': 1, u'ADP[c]': 1, u'PROTON[c]': 1, u'PRO[p]': -1, u'PRO[c]': 1, u'ATP[c]': -1, u'WATER[c]': -1}",0.0,"{u'PI[c]': 0.0004999543270034773, u'ADP[c]': 0.0005599674761850176, u'PROTON[c]': 1.767903329435094e-05, u'PRO[p]': 0.0, u'PRO[c]': 0.0003900027449839748, u'ATP[c]': 0.009599139586137196, u'WATER[c]': 42.73838191133856}",{u'ABC-26-CPLX[i]': 5.464427146964901e-08}
2,ABC-26-RXN,"{u'PI[c]': 1, u'ADP[c]': 1, u'PROTON[c]': 1, u'PRO[p]': -1, u'PRO[c]': 1, u'ATP[c]': -1, u'WATER[c]': -1}",3.954961972228322e-06,"{u'PI[c]': 0.0004998164925062599, u'ADP[c]': 0.0005597984704202673, u'PROTON[c]': 2.3067325749395924e-05, u'PRO[p]': 0.0, u'PRO[c]': 0.0007802523295080244, u'ATP[c]': 0.009596480208742935, u'WATER[c]': 42.72689289534784}",{u'ABC-26-CPLX[i]': 4.469050792085626e-08}
0,TRANS-RXN-118,"{u'PRO[c]': 1, u'PRO[p]': -1, u'NA+[p]': -1, u'NA+[c]': 1}",0.0,"{u'PRO[c]': 0.00039049855309462026, u'PRO[p]': 0.0, u'NA+[p]': 9.99786078427312e-05, u'NA+[c]': 0.0}",{u'PUTP-MONOMER[i]': 2.221629627853398e-07}
1,TRANS-RXN-118,"{u'PRO[c]': 1, u'PRO[p]': -1, u'NA+[p]': -1, u'NA+[c]': 1}",0.0,"{u'PRO[c]': 0.0003900027449839748, u'PRO[p]': 0.0, u'NA+[p]': 9.999086611346773e-05, u'NA+[c]': 0.0}",{u'PUTP-MONOMER[i]': 2.6212588170143997e-07}
2,TRANS-RXN-118,"{u'PRO[c]': 1, u'PRO[p]': -1, u'NA+[p]': -1, u'NA+[c]': 1}",3.88906766440806e-05,"{u'PRO[c]': 0.0007802523295080244, u'PRO[p]': 0.0, u'NA+[p]': 9.996329887281443e-05, u'NA+[c]': 0.0}",{u'PUTP-MONOMER[i]': 2.476326141921319e-07}
0,TRANS-RXN0-0244,"{u'PROTON[c]': 1, u'THR[c]': -1, u'THR[p]': 1, u'PROTON[p]': -1}",0.0,"{u'PROTON[c]': 1.7791078828303944e-05, u'THR[c]': 0.00018097559538532925, u'THR[p]': 0.0, u'PROTON[p]': 0.0}","{u'RHTC-MONOMER[i]': 1.5436082948968518e-07, u'EG12134-MONOMER[i]': 2.397674116238689e-08}"
1,TRANS-RXN0-0244,"{u'PROTON[c]': 1, u'THR[c]': -1, u'THR[p]': 1, u'PROTON[p]': -1}",0.0,"{u'PROTON[c]': 1.767903329435094e-05, u'THR[c]': 0.0001813546532997309, u'THR[p]': 0.0, u'PROTON[p]': 0.0}","{u'RHTC-MONOMER[i]': 1.4948523720254686e-07, u'EG12134-MONOMER[i]': 3.2111846672726915e-08}"
2,TRANS-RXN0-0244,"{u'PROTON[c]': 1, u'THR[c]': -1, u'THR[p]': 1, u'PROTON[p]': -1}",-5.295037763831373e-22,"{u'PROTON[c]': 2.3067325749395924e-05, u'THR[c]': 0.0003608875709246828, u'THR[p]': 0.0, u'PROTON[p]': 0.0}","{u'RHTC-MONOMER[i]': 1.5996954836716316e-07, u'EG12134-MONOMER[i]': 2.0911330341692267e-08}"
0,TRANS-RXN0-480,"{u'L-SELENOCYSTEINE[p]': -1, u'L-SELENOCYSTEINE[c]': 1}",0.0,"{u'L-SELENOCYSTEINE[p]': 0.0, u'L-SELENOCYSTEINE[c]': 2.3994866327220964e-05}",{}
1,TRANS-RXN0-480,"{u'L-SELENOCYSTEINE[p]': -1, u'L-SELENOCYSTEINE[c]': 1}",0.0,"{u'L-SELENOCYSTEINE[p]': 0.0, u'L-SELENOCYSTEINE[c]': 2.3997807105715355e-05}",{}
2,TRANS-RXN0-480,"{u'L-SELENOCYSTEINE[p]': -1, u'L-SELENOCYSTEINE[c]': 1}",0.0,"{u'L-SELENOCYSTEINE[p]': 0.0, u'L-SELENOCYSTEINE[c]': 2.3991191748422036e-05}",{}
0,TRANS-RXN-58,"{u'LYS[c]': 1, u'PROTON[c]': 1, u'LYS[p]': -1, u'PROTON[p]': -1}",0.0,"{u'LYS[c]': 0.0004108068401088884, u'PROTON[c]': 1.7791078828303944e-05, u'LYS[p]': 0.0, u'PROTON[p]': 0.0}",{u'LYSP-MONOMER[i]': 7.388965033982583e-07}
1,TRANS-RXN-58,"{u'LYS[c]': 1, u'PROTON[c]': 1, u'LYS[p]': -1, u'PROTON[p]': -1}",0.0,"{u'LYS[c]': 0.0004116423936794925, u'PROTON[c]': 1.767903329435094e-05, u'LYS[p]': 0.0, u'PROTON[p]': 0.0}",{u'LYSP-MONOMER[i]': 8.560457649784559e-07}
2,TRANS-RXN-58,"{u'LYS[c]': 1, u'PROTON[c]': 1, u'LYS[p]': -1, u'PROTON[p]': -1}",0.0021894287254092116,"{u'LYS[c]': 0.0008205476584812022, u'PROTON[c]': 2.3067325749395924e-05, u'LYS[p]': 0.0, u'PROTON[p]': 0.0}",{u'LYSP-MONOMER[i]': 6.170942183025809e-07}
0,TRANS-RXN0-569-LEU//LEU.9.,"{u'LEU[p]': 1, u'LEU[c]': -1}",0.0,"{u'LEU[p]': 0.0, u'LEU[c]': 0.00019337858611329878}",{u'G6458-MONOMER[i]': 1.2868472078322713e-07}
1,TRANS-RXN0-569-LEU//LEU.9.,"{u'LEU[p]': 1, u'LEU[c]': -1}",0.0,"{u'LEU[p]': 0.0, u'LEU[c]': 0.00020264959706760361}",{u'G6458-MONOMER[i]': 1.6572454804016637e-07}
2,TRANS-RXN0-569-LEU//LEU.9.,"{u'LEU[p]': 1, u'LEU[c]': -1}",0.0,"{u'LEU[p]': 0.0, u'LEU[c]': 0.0016437738791881835}",{u'G6458-MONOMER[i]': 1.1171997069271488e-07}
0,ABC-13-RXN,"{u'PI[c]': 1, u'ADP[c]': 1, u'GLT[c]': 1, u'PROTON[c]': 1, u'ATP[c]': -1, u'WATER[c]': -1, u'GLT[p]': -1}",1.696256980033324e-05,"{u'PI[c]': 0.0004998930375564181, u'ADP[c]': 0.000559892406471999, u'GLT[c]': 0.09598010750556102, u'PROTON[c]': 1.7791078828303944e-05, u'ATP[c]': 0.009597957269999177, u'WATER[c]': 42.73327866215106, u'GLT[p]': 0.0}",{u'ABC-13-CPLX[i]': 4.3395921997821936e-08}
1,ABC-13-RXN,"{u'PI[c]': 1, u'ADP[c]': 1, u'GLT[c]': 1, u'PROTON[c]': 1, u'ATP[c]': -1, u'WATER[c]': -1, u'GLT[p]': -1}",0.0,"{u'PI[c]': 0.0004999543270034773, u'ADP[c]': 0.0005599674761850176, u'GLT[c]': 0.09599252464363472, u'PROTON[c]': 1.767903329435094e-05, u'ATP[c]': 0.009599139586137196, u'WATER[c]': 42.73838191133856, u'GLT[p]': 0.0}",{u'ABC-13-CPLX[i]': 5.1829555765033265e-08}
2,ABC-13-RXN,"{u'PI[c]': 1, u'ADP[c]': 1, u'GLT[c]': 1, u'PROTON[c]': 1, u'ATP[c]': -1, u'WATER[c]': -1, u'GLT[p]': -1}",2.3029071534734424e-05,"{u'PI[c]': 0.0004998164925062599, u'ADP[c]': 0.0005597984704202673, u'GLT[c]': 0.10556200527371755, u'PROTON[c]': 2.3067325749395924e-05, u'ATP[c]': 0.009596480208742935, u'WATER[c]': 42.72689289534784, u'GLT[p]': 0.0}",{u'ABC-13-CPLX[i]': 3.897244172402429e-08}
0,RXN0-4522,"{u'PI[c]': 1, u'ADP[c]': 1, u'PROTON[c]': 1, u'ATP[c]': -1, u'MET[c]': 1, u'WATER[c]': -1, u'MET[p]': -1}",0.0,"{u'PI[c]': 0.0004998930375564181, u'ADP[c]': 0.000559892406471999, u'PROTON[c]': 1.7791078828303944e-05, u'ATP[c]': 0.009597957269999177, u'MET[c]': 0.00015034834048017307, u'WATER[c]': 42.73327866215106, u'MET[p]': 0.0}",{u'METNIQ-METHIONINE-ABC-CPLX[i]': 2.15497023537023e-07}
1,RXN0-4522,"{u'PI[c]': 1, u'ADP[c]': 1, u'PROTON[c]': 1, u'ATP[c]': -1, u'MET[c]': 1, u'WATER[c]': -1, u'MET[p]': -1}",0.0,"{u'PI[c]': 0.0004999543270034773, u'ADP[c]': 0.0005599674761850176, u'PROTON[c]': 1.767903329435094e-05, u'ATP[c]': 0.009599139586137196, u'MET[c]': 0.00014698694716577893, u'WATER[c]': 42.73838191133856, u'MET[p]': 0.0}",{u'METNIQ-METHIONINE-ABC-CPLX[i]': 2.440447484479456e-07}
2,RXN0-4522,"{u'PI[c]': 1, u'ADP[c]': 1, u'PROTON[c]': 1, u'ATP[c]': -1, u'MET[c]': 1, u'WATER[c]': -1, u'MET[p]': -1}",0.0009873593086902224,"{u'PI[c]': 0.0004998164925062599, u'ADP[c]': 0.0005597984704202673, u'PROTON[c]': 2.3067325749395924e-05, u'ATP[c]': 0.009596480208742935, u'MET[c]': 0.0003002280900809609, u'WATER[c]': 42.72689289534784, u'MET[p]': 0.0}",{u'METNIQ-METHIONINE-ABC-CPLX[i]': 2.0251545705057946e-07}
0,TRANS-RXN0-265-TYR//TYR.9.,"{u'TYR[c]': -1, u'TYR[p]': 1}",0.0,"{u'TYR[c]': 2.940641935592696e-05, u'TYR[p]': 0.0}",{u'EG12713-MONOMER[i]': 5.747686980675429e-08}
1,TRANS-RXN0-265-TYR//TYR.9.,"{u'TYR[c]': -1, u'TYR[p]': 1}",0.0,"{u'TYR[c]': 2.9583129155094122e-05, u'TYR[p]': 0.0}",{u'EG12713-MONOMER[i]': 7.624050594048729e-08}
2,TRANS-RXN0-265-TYR//TYR.9.,"{u'TYR[c]': -1, u'TYR[p]': 1}",0.00010496568174005767,"{u'TYR[c]': 0.0005926386274324444, u'TYR[p]': 0.0}",{u'EG12713-MONOMER[i]': 4.0750717990756834e-08}
0,TRANS-RXN-56,"{u'PROTON[c]': 1, u'PROTON[p]': -1, u'PHE[c]': 1, u'PHE[p]': -1}",0.0,"{u'PROTON[c]': 1.7791078828303944e-05, u'PHE[p]': 0.0, u'PHE[c]': 1.8558889165049577e-05, u'PROTON[p]': 0.0}","{u'AROP-MONOMER[i]': 1.057948447970256e-06, u'PHEP-MONOMER[i]': 7.554796007583315e-08}"
1,TRANS-RXN-56,"{u'PROTON[c]': 1, u'PROTON[p]': -1, u'PHE[c]': 1, u'PHE[p]': -1}",0.0,"{u'PROTON[c]': 1.767903329435094e-05, u'PHE[p]': 0.0, u'PHE[c]': 1.878620500261695e-05, u'PROTON[p]': 0.0}","{u'AROP-MONOMER[i]': 9.405858634226793e-07, u'PHEP-MONOMER[i]': 8.913351665235247e-08}"
2,TRANS-RXN-56,"{u'PROTON[c]': 1, u'PROTON[p]': -1, u'PHE[c]': 1, u'PHE[p]': -1}",0.0006335765949150277,"{u'PROTON[c]': 2.3067325749395924e-05, u'PHE[p]': 0.0, u'PHE[c]': 3.6488090306595854e-05, u'PROTON[p]': 0.0}","{u'AROP-MONOMER[i]': 1.5343247654699908e-07, u'PHEP-MONOMER[i]': 6.6095725572075e-08}"
0,TRANS-RXN0-569-TYR//TYR.9.,"{u'TYR[c]': -1, u'TYR[p]': 1}",0.0,"{u'TYR[c]': 2.940641935592696e-05, u'TYR[p]': 0.0}",{u'G6458-MONOMER[i]': 1.2868472078322713e-07}
1,TRANS-RXN0-569-TYR//TYR.9.,"{u'TYR[c]': -1, u'TYR[p]': 1}",0.0,"{u'TYR[c]': 2.9583129155094122e-05, u'TYR[p]': 0.0}",{u'G6458-MONOMER[i]': 1.6572454804016637e-07}
2,TRANS-RXN0-569-TYR//TYR.9.,"{u'TYR[c]': -1, u'TYR[p]': 1}",3.0364322853380673e-06,"{u'TYR[c]': 0.0005926386274324444, u'TYR[p]': 0.0}",{u'G6458-MONOMER[i]': 1.1171997069271488e-07}
0,TRANS-RXN-72,"{u'PROTON[c]': 1, u'THR[c]': 1, u'THR[p]': -1, u'PROTON[p]': -1}",0.0,"{u'PROTON[c]': 1.7791078828303944e-05, u'THR[c]': 0.00018097559538532925, u'THR[p]': 0.0, u'PROTON[p]': 0.0}",{u'TDCC-MONOMER[i]': 2.0100771648122154e-08}
1,TRANS-RXN-72,"{u'PROTON[c]': 1, u'THR[c]': 1, u'THR[p]': -1, u'PROTON[p]': -1}",0.0,"{u'PROTON[c]': 1.767903329435094e-05, u'THR[c]': 0.0001813546532997309, u'THR[p]': 0.0, u'PROTON[p]': 0.0}",{u'TDCC-MONOMER[i]': 2.6892121122740135e-08}
2,TRANS-RXN-72,"{u'PROTON[c]': 1, u'THR[c]': 1, u'THR[p]': -1, u'PROTON[p]': -1}",0.0011255645933597252,"{u'PROTON[c]': 2.3067325749395924e-05, u'THR[c]': 0.0003608875709246828, u'THR[p]': 0.0, u'PROTON[p]': 0.0}",{u'TDCC-MONOMER[i]': 1.7558674813742167e-08}
0,TRANS-RXN-68,"{u'LYS[c]': 1, u'CADAVERINE[c]': -1, u'CADAVERINE[p]': 1, u'LYS[p]': -1}",0.0,"{u'LYS[c]': 0.0004108068401088884, u'CADAVERINE[c]': 0.0, u'CADAVERINE[p]': 0.0, u'LYS[p]': 0.0}",{u'CADB-MONOMER[i]': 2.233446572123103e-09}
1,TRANS-RXN-68,"{u'LYS[c]': 1, u'CADAVERINE[c]': -1, u'CADAVERINE[p]': 1, u'LYS[p]': -1}",0.0,"{u'LYS[c]': 0.0004116423936794925, u'CADAVERINE[c]': 0.0, u'CADAVERINE[p]': 0.0, u'LYS[p]': 0.0}",{u'CADB-MONOMER[i]': 5.877099676717261e-09}
2,TRANS-RXN-68,"{u'LYS[c]': 1, u'CADAVERINE[c]': -1, u'CADAVERINE[p]': 1, u'LYS[p]': -1}",3.5897576096555184e-05,"{u'LYS[c]': 0.0008205476584812022, u'CADAVERINE[c]': 0.0, u'CADAVERINE[p]': 0.0, u'LYS[p]': 0.0}",{u'CADB-MONOMER[i]': 2.9261720286376424e-09}
0,TRANS-RXN-77,"{u'PROTON[c]': 1, u'TYR[p]': -1, u'TYR[c]': 1, u'PROTON[p]': -1}",0.0,"{u'PROTON[c]': 1.7791078828303944e-05, u'PROTON[p]': 0.0, u'TYR[c]': 2.940641935592696e-05, u'TYR[p]': 0.0}","{u'AROP-MONOMER[i]': 1.057948447970256e-06, u'TYRP-MONOMER[i]': 2.7517915236782966e-08}"
1,TRANS-RXN-77,"{u'PROTON[c]': 1, u'TYR[p]': -1, u'TYR[c]': 1, u'PROTON[p]': -1}",0.0,"{u'PROTON[c]': 1.767903329435094e-05, u'PROTON[p]': 0.0, u'TYR[c]': 2.9583129155094122e-05, u'TYR[p]': 0.0}","{u'AROP-MONOMER[i]': 9.405858634226793e-07, u'TYRP-MONOMER[i]': 3.918156347417525e-08}"
2,TRANS-RXN-77,"{u'PROTON[c]': 1, u'TYR[p]': -1, u'TYR[c]': 1, u'PROTON[p]': -1}",0.0001458114413344962,"{u'PROTON[c]': 2.3067325749395924e-05, u'PROTON[p]': 0.0, u'TYR[c]': 0.0005926386274324444, u'TYR[p]': 0.0}","{u'AROP-MONOMER[i]': 1.5343247654699908e-07, u'TYRP-MONOMER[i]': 2.7942643732876536e-08}"
0,TRANS-RXN-76,"{u'PROTON[c]': 1, u'TRP[c]': 1, u'TRP[p]': -1, u'PROTON[p]': -1}",0.0,"{u'PROTON[c]': 1.7791078828303944e-05, u'PROTON[p]': 0.0, u'TRP[p]': 0.0, u'TRP[c]': 1.2139925558860728e-05}","{u'AROP-MONOMER[i]': 1.057948447970256e-06, u'MTR-MONOMER[i]': 3.946966764504416e-08, u'TNAB-MONOMER[i]': 1.2632563478265268e-08}"
1,TRANS-RXN-76,"{u'PROTON[c]': 1, u'TRP[c]': 1, u'TRP[p]': -1, u'PROTON[p]': -1}",0.0,"{u'PROTON[c]': 1.767903329435094e-05, u'PROTON[p]': 0.0, u'TRP[p]': 0.0, u'TRP[c]': 1.2494204937442158e-05}","{u'AROP-MONOMER[i]': 9.405858634226793e-07, u'MTR-MONOMER[i]': 4.119125306537342e-08, u'TNAB-MONOMER[i]': 1.5563358687062434e-08}"
2,TRANS-RXN-76,"{u'PROTON[c]': 1, u'TRP[c]': 1, u'TRP[p]': -1, u'PROTON[p]': -1}",0.0003223428202997645,"{u'PROTON[c]': 2.3067325749395924e-05, u'PROTON[p]': 0.0, u'TRP[p]': 0.0, u'TRP[c]': 0.00045038147200691524}","{u'AROP-MONOMER[i]': 1.5343247654699908e-07, u'MTR-MONOMER[i]': 4.048322121446004e-08, u'TNAB-MONOMER[i]': 1.1727528584863347e-08}"
0,ABC-3-RXN,"{u'PI[c]': 1, u'LYS[p]': -1, u'ADP[c]': 1, u'LYS[c]': 1, u'PROTON[c]': 1, u'ATP[c]': -1, u'WATER[c]': -1}",0.0,"{u'PI[c]': 0.0004998930375564181, u'LYS[p]': 0.0, u'ADP[c]': 0.000559892406471999, u'LYS[c]': 0.0004108068401088884, u'PROTON[c]': 1.7791078828303944e-05, u'ATP[c]': 0.009597957269999177, u'WATER[c]': 42.73327866215106}",{u'ABC-3-CPLX[i]': 3.73316839691706e-08}
1,ABC-3-RXN,"{u'PI[c]': 1, u'LYS[p]': -1, u'ADP[c]': 1, u'LYS[c]': 1, u'PROTON[c]': 1, u'ATP[c]': -1, u'WATER[c]': -1}",0.0,"{u'PI[c]': 0.0004999543270034773, u'LYS[p]': 0.0, u'ADP[c]': 0.0005599674761850176, u'LYS[c]': 0.0004116423936794925, u'PROTON[c]': 1.767903329435094e-05, u'ATP[c]': 0.009599139586137196, u'WATER[c]': 42.73838191133856}",{u'ABC-3-CPLX[i]': 4.174046771778596e-08}
2,ABC-3-RXN,"{u'PI[c]': 1, u'LYS[p]': -1, u'ADP[c]': 1, u'LYS[c]': 1, u'PROTON[c]': 1, u'ATP[c]': -1, u'WATER[c]': -1}",0.0,"{u'PI[c]': 0.0004998164925062599, u'LYS[p]': 0.0, u'ADP[c]': 0.0005597984704202673, u'LYS[c]': 0.0008205476584812022, u'PROTON[c]': 2.3067325749395924e-05, u'ATP[c]': 0.009596480208742935, u'WATER[c]': 42.72689289534784}",{u'ABC-3-CPLX[i]': 1.2775457152400168e-08}
0,TRANS-RXN0-569-PRO//PRO.9.,"{u'PRO[c]': -1, u'PRO[p]': 1}",0.0,"{u'PRO[c]': 0.00039049855309462026, u'PRO[p]': 0.0}",{u'G6458-MONOMER[i]': 1.2868472078322713e-07}
1,TRANS-RXN0-569-PRO//PRO.9.,"{u'PRO[c]': -1, u'PRO[p]': 1}",0.0,"{u'PRO[c]': 0.0003900027449839748, u'PRO[p]': 0.0}",{u'G6458-MONOMER[i]': 1.6572454804016637e-07}
2,TRANS-RXN0-569-PRO//PRO.9.,"{u'PRO[c]': -1, u'PRO[p]': 1}",2.76849494021077e-22,"{u'PRO[c]': 0.0007802523295080244, u'PRO[p]': 0.0}",{u'G6458-MONOMER[i]': 1.1171997069271488e-07}
0,TRANS-RXN0-569-ILE//ILE.9.,"{u'ILE[p]': 1, u'ILE[c]': -1}",0.0,"{u'ILE[p]': 0.0, u'ILE[c]': 0.00010871499082436169}",{u'G6458-MONOMER[i]': 1.2868472078322713e-07}
1,TRANS-RXN0-569-ILE//ILE.9.,"{u'ILE[p]': 1, u'ILE[c]': -1}",0.0,"{u'ILE[p]': 0.0, u'ILE[c]': 0.00011031115598140952}",{u'G6458-MONOMER[i]': 1.6572454804016637e-07}
2,TRANS-RXN0-569-ILE//ILE.9.,"{u'ILE[p]': 1, u'ILE[c]': -1}",3.6891164353450565e-07,"{u'ILE[p]': 0.0, u'ILE[c]': 0.00021660987774735165}",{u'G6458-MONOMER[i]': 1.1171997069271488e-07}
0,TRANS-RXN0-569-GLT//GLT.9.,"{u'GLT[c]': -1, u'GLT[p]': 1}",0.0,"{u'GLT[c]': 0.09598010750556102, u'GLT[p]': 0.0}",{u'G6458-MONOMER[i]': 1.2868472078322713e-07}
1,TRANS-RXN0-569-GLT//GLT.9.,"{u'GLT[c]': -1, u'GLT[p]': 1}",-5.072116157793967e-27,"{u'GLT[c]': 0.09599252464363472, u'GLT[p]': 0.0}",{u'G6458-MONOMER[i]': 1.6572454804016637e-07}
2,TRANS-RXN0-569-GLT//GLT.9.,"{u'GLT[c]': -1, u'GLT[p]': 1}",0.0,"{u'GLT[c]': 0.10556200527371755, u'GLT[p]': 0.0}",{u'G6458-MONOMER[i]': 1.1171997069271488e-07}
0,TRANS-RXN-162,"{u'GLT[c]': 1, u'PROTON[c]': 2, u'GLT[p]': -1, u'PROTON[p]': -2}",0.00011053780656835565,"{u'GLT[c]': 0.09598010750556102, u'PROTON[c]': 1.7791078828303944e-05, u'GLT[p]': 0.0, u'PROTON[p]': 0.0}",{u'GLTP-MONOMER[i]': 7.236320365972295e-08}
1,TRANS-RXN-162,"{u'GLT[c]': 1, u'PROTON[c]': 2, u'GLT[p]': -1, u'PROTON[p]': -2}",0.00012241959514117679,"{u'GLT[c]': 0.09599252464363472, u'PROTON[c]': 1.767903329435094e-05, u'GLT[p]': 0.0, u'PROTON[p]': 0.0}",{u'GLTP-MONOMER[i]': 7.776775426074758e-08}
2,TRANS-RXN-162,"{u'GLT[c]': 1, u'PROTON[c]': 2, u'GLT[p]': -1, u'PROTON[p]': -2}",0.0003250712418928438,"{u'GLT[c]': 0.10556200527371755, u'PROTON[c]': 2.3067325749395924e-05, u'GLT[p]': 0.0, u'PROTON[p]': 0.0}",{u'GLTP-MONOMER[i]': 7.613329783702588e-08}
0,TRANS-RXN0-569-CYS//CYS.9.,"{u'CYS[p]': 1, u'CYS[c]': -1}",0.0,"{u'CYS[p]': 0.0, u'CYS[c]': 1.2085692857373807e-05}",{u'G6458-MONOMER[i]': 1.2868472078322713e-07}
1,TRANS-RXN0-569-CYS//CYS.9.,"{u'CYS[p]': 1, u'CYS[c]': -1}",0.0,"{u'CYS[p]': 0.0, u'CYS[c]': 1.2128585790454855e-05}",{u'G6458-MONOMER[i]': 1.6572454804016637e-07}
2,TRANS-RXN0-569-CYS//CYS.9.,"{u'CYS[p]': 1, u'CYS[c]': -1}",0.0,"{u'CYS[p]': 0.0, u'CYS[c]': 2.4074432375305044e-05}",{u'G6458-MONOMER[i]': 1.1171997069271488e-07}
0,RXN0-4083,"{u'SER[p]': -1, u'SER[c]': 1, u'NA+[p]': -1, u'NA+[c]': 1}",0.0,"{u'SER[p]': 0.0, u'SER[c]': 6.893628476770622e-05, u'NA+[p]': 9.99786078427312e-05, u'NA+[c]': 0.0}",{u'YGJU-MONOMER[i]': 2.7762754210328816e-07}
1,RXN0-4083,"{u'SER[p]': -1, u'SER[c]': 1, u'NA+[p]': -1, u'NA+[c]': 1}",0.0,"{u'SER[p]': 0.0, u'SER[c]': 6.934000575850156e-05, u'NA+[p]': 9.999086611346773e-05, u'NA+[c]': 0.0}",{u'YGJU-MONOMER[i]': 2.827809112379698e-07}
2,RXN0-4083,"{u'SER[p]': -1, u'SER[c]': 1, u'NA+[p]': -1, u'NA+[c]': 1}",0.000261240602215379,"{u'SER[p]': 0.0, u'SER[c]': 0.00013688051087052812, u'NA+[p]': 9.996329887281443e-05, u'NA+[c]': 0.0}",{u'YGJU-MONOMER[i]': 2.7158311584708215e-07}
0,TRANS-RXN-125,"{u'L-ALPHA-ALANINE[p]': -1, u'L-ALPHA-ALANINE[c]': 1, u'NA+[p]': -1, u'NA+[c]': 1}",0.0,"{u'L-ALPHA-ALANINE[p]': 0.0, u'L-ALPHA-ALANINE[c]': 0.002601022173105911, u'NA+[p]': 9.99786078427312e-05, u'NA+[c]': 0.0}",{}
1,TRANS-RXN-125,"{u'L-ALPHA-ALANINE[p]': -1, u'L-ALPHA-ALANINE[c]': 1, u'NA+[p]': -1, u'NA+[c]': 1}",0.0,"{u'L-ALPHA-ALANINE[p]': 0.0, u'L-ALPHA-ALANINE[c]': 0.002602172723012051, u'NA+[p]': 9.999086611346773e-05, u'NA+[c]': 0.0}",{}
2,TRANS-RXN-125,"{u'L-ALPHA-ALANINE[p]': -1, u'L-ALPHA-ALANINE[c]': 1, u'NA+[p]': -1, u'NA+[c]': 1}",8.087294169450472e-05,"{u'L-ALPHA-ALANINE[p]': 0.0, u'L-ALPHA-ALANINE[c]': 0.00519960317963062, u'NA+[p]': 9.996329887281443e-05, u'NA+[c]': 0.0}",{}
0,TRANS-RXN-126,"{u'ILE[p]': -1, u'ILE[c]': 1, u'NA+[p]': -1, u'NA+[c]': 1}",0.0,"{u'ILE[p]': 0.0, u'ILE[c]': 0.00010871499082436169, u'NA+[p]': 9.99786078427312e-05, u'NA+[c]': 0.0}",{u'BRNQ-MONOMER[i]': 1.3234322931443472e-07}
1,TRANS-RXN-126,"{u'ILE[p]': -1, u'ILE[c]': 1, u'NA+[p]': -1, u'NA+[c]': 1}",0.0,"{u'ILE[p]': 0.0, u'ILE[c]': 0.00011031115598140952, u'NA+[p]': 9.999086611346773e-05, u'NA+[c]': 0.0}",{u'BRNQ-MONOMER[i]': 1.603399092191301e-07}
2,TRANS-RXN-126,"{u'ILE[p]': -1, u'ILE[c]': 1, u'NA+[p]': -1, u'NA+[c]': 1}",0.0012506854108570908,"{u'ILE[p]': 0.0, u'ILE[c]': 0.00021660987774735165, u'NA+[p]': 9.996329887281443e-05, u'NA+[c]': 0.0}",{u'BRNQ-MONOMER[i]': 1.164884557565571e-07}
0,TRANS-RXN-71,"{u'PROTON[c]': 1, u'SER[c]': 1, u'SER[p]': -1, u'PROTON[p]': -1}",0.0,"{u'PROTON[c]': 1.7791078828303944e-05, u'SER[c]': 6.893628476770622e-05, u'SER[p]': 0.0, u'PROTON[p]': 0.0}","{u'TDCC-MONOMER[i]': 2.0100771648122154e-08, u'SDAC-MONOMER[i]': 1.8343759607920478e-07}"
1,TRANS-RXN-71,"{u'PROTON[c]': 1, u'SER[c]': 1, u'SER[p]': -1, u'PROTON[p]': -1}",0.0,"{u'PROTON[c]': 1.767903329435094e-05, u'SER[c]': 6.934000575850156e-05, u'SER[p]': 0.0, u'PROTON[p]': 0.0}","{u'TDCC-MONOMER[i]': 2.6892121122740135e-08, u'SDAC-MONOMER[i]': 2.1327177995476185e-07}"
2,TRANS-RXN-71,"{u'PROTON[c]': 1, u'SER[c]': 1, u'SER[p]': -1, u'PROTON[p]': -1}",0.0009595077285676556,"{u'PROTON[c]': 2.3067325749395924e-05, u'SER[c]': 0.00013688051087052812, u'SER[p]': 0.0, u'PROTON[p]': 0.0}","{u'TDCC-MONOMER[i]': 1.7558674813742167e-08, u'SDAC-MONOMER[i]': 1.5898031659565217e-07}"
0,TRANS-RXN-122,"{u'GLT[c]': 1, u'GLT[p]': -1, u'NA+[p]': -2, u'NA+[c]': 2}",1.5445412869963917e-05,"{u'GLT[c]': 0.09598010750556102, u'GLT[p]': 0.0, u'NA+[p]': 9.99786078427312e-05, u'NA+[c]': 0.0}","{u'GLTP-MONOMER[i]': 7.236320365972295e-08, u'DCTA-MONOMER[i]': 5.797188058746986e-08}"
1,TRANS-RXN-122,"{u'GLT[c]': 1, u'GLT[p]': -1, u'NA+[p]': -2, u'NA+[c]': 2}",1.4078292004822507e-06,"{u'GLT[c]': 0.09599252464363472, u'GLT[p]': 0.0, u'NA+[p]': 9.999086611346773e-05, u'NA+[c]': 0.0}","{u'GLTP-MONOMER[i]': 7.776775426074758e-08, u'DCTA-MONOMER[i]': 6.369213434443864e-08}"
2,TRANS-RXN-122,"{u'GLT[c]': 1, u'GLT[p]': -1, u'NA+[p]': -2, u'NA+[c]': 2}",0.0,"{u'GLT[c]': 0.10556200527371755, u'GLT[p]': 0.0, u'NA+[p]': 9.996329887281443e-05, u'NA+[c]': 0.0}","{u'GLTP-MONOMER[i]': 7.613329783702588e-08, u'DCTA-MONOMER[i]': 5.6731371992836205e-08}"
0,TRANS-RXN0-569-PHE//PHE.9.,"{u'PHE[c]': -1, u'PHE[p]': 1}",0.0,"{u'PHE[c]': 1.8558889165049577e-05, u'PHE[p]': 0.0}",{u'G6458-MONOMER[i]': 1.2868472078322713e-07}
1,TRANS-RXN0-569-PHE//PHE.9.,"{u'PHE[c]': -1, u'PHE[p]': 1}",0.0,"{u'PHE[c]': 1.878620500261695e-05, u'PHE[p]': 0.0}",{u'G6458-MONOMER[i]': 1.6572454804016637e-07}
2,TRANS-RXN0-569-PHE//PHE.9.,"{u'PHE[c]': -1, u'PHE[p]': 1}",0.0,"{u'PHE[c]': 3.6488090306595854e-05, u'PHE[p]': 0.0}",{u'G6458-MONOMER[i]': 1.1171997069271488e-07}
0,TRANS-RXN0-569-SER//SER.9.,"{u'SER[p]': 1, u'SER[c]': -1}",0.0,"{u'SER[p]': 0.0, u'SER[c]': 6.893628476770622e-05}",{u'G6458-MONOMER[i]': 1.2868472078322713e-07}
1,TRANS-RXN0-569-SER//SER.9.,"{u'SER[p]': 1, u'SER[c]': -1}",0.0,"{u'SER[p]': 0.0, u'SER[c]': 6.934000575850156e-05}",{u'G6458-MONOMER[i]': 1.6572454804016637e-07}
2,TRANS-RXN0-569-SER//SER.9.,"{u'SER[p]': 1, u'SER[c]': -1}",-1.4945050963798105e-20,"{u'SER[p]': 0.0, u'SER[c]': 0.00013688051087052812}",{u'G6458-MONOMER[i]': 1.1171997069271488e-07}
0,TRANS-RXN0-569-L-ALPHA-ALANINE//L-ALPHA-ALANINE.33.,"{u'L-ALPHA-ALANINE[p]': 1, u'L-ALPHA-ALANINE[c]': -1}",0.0,"{u'L-ALPHA-ALANINE[p]': 0.0, u'L-ALPHA-ALANINE[c]': 0.002601022173105911}",{u'G6458-MONOMER[i]': 1.2868472078322713e-07}
1,TRANS-RXN0-569-L-ALPHA-ALANINE//L-ALPHA-ALANINE.33.,"{u'L-ALPHA-ALANINE[p]': 1, u'L-ALPHA-ALANINE[c]': -1}",0.0,"{u'L-ALPHA-ALANINE[p]': 0.0, u'L-ALPHA-ALANINE[c]': 0.002602172723012051}",{u'G6458-MONOMER[i]': 1.6572454804016637e-07}
2,TRANS-RXN0-569-L-ALPHA-ALANINE//L-ALPHA-ALANINE.33.,"{u'L-ALPHA-ALANINE[p]': 1, u'L-ALPHA-ALANINE[c]': -1}",8.413967572064396e-21,"{u'L-ALPHA-ALANINE[p]': 0.0, u'L-ALPHA-ALANINE[c]': 0.00519960317963062}",{u'G6458-MONOMER[i]': 1.1171997069271488e-07}
0,TRANS-RXN-261,"{u'GLT[c]': 1, u'4-AMINO-BUTYRATE[c]': -1, u'4-AMINO-BUTYRATE[p]': 1, u'GLT[p]': -1}",0.0012472591094033379,"{u'GLT[c]': 0.09598010750556102, u'4-AMINO-BUTYRATE[c]': 0.0, u'4-AMINO-BUTYRATE[p]': 0.0, u'GLT[p]': 0.0}",{u'XASA-MONOMER[i]': 7.792006142926037e-08}
1,TRANS-RXN-261,"{u'GLT[c]': 1, u'4-AMINO-BUTYRATE[c]': -1, u'4-AMINO-BUTYRATE[p]': 1, u'GLT[p]': -1}",0.0009119034543737687,"{u'GLT[c]': 0.09599252464363472, u'4-AMINO-BUTYRATE[c]': 0.0, u'4-AMINO-BUTYRATE[p]': 0.0, u'GLT[p]': 0.0}",{u'XASA-MONOMER[i]': 1.019351204196906e-07}
2,TRANS-RXN-261,"{u'GLT[c]': 1, u'4-AMINO-BUTYRATE[c]': -1, u'4-AMINO-BUTYRATE[p]': 1, u'GLT[p]': -1}",0.003683895640214404,"{u'GLT[c]': 0.10556200527371755, u'4-AMINO-BUTYRATE[c]': 0.0, u'4-AMINO-BUTYRATE[p]': 0.0, u'GLT[p]': 0.0}",{u'XASA-MONOMER[i]': 4.962962982820834e-08}
0,TRANS-RXN-106A,"{u'SUC[c]': -1, u'SUC[p]': 1, u'L-ASPARTATE[p]': -1, u'L-ASPARTATE[c]': 1}",0.003615348192197071,"{u'SUC[c]': 0.0005698780615497279, u'SUC[p]': 0.0, u'L-ASPARTATE[p]': 0.0, u'L-ASPARTATE[c]': 0.004200033330291084}","{u'DCUB-MONOMER[i]': 8.146666534495246e-09, u'DCUA-MONOMER[i]': 5.956568920162915e-07}"
1,TRANS-RXN-106A,"{u'SUC[c]': -1, u'SUC[p]': 1, u'L-ASPARTATE[p]': -1, u'L-ASPARTATE[c]': 1}",0.0012568414032187152,"{u'SUC[c]': 0.0005699479318606053, u'SUC[p]': 0.0, u'L-ASPARTATE[p]': 0.0, u'L-ASPARTATE[c]': 0.004200994570976621}","{u'DCUB-MONOMER[i]': 5.443752264299476e-09, u'DCUA-MONOMER[i]': 6.130818672846486e-07}"
2,TRANS-RXN-106A,"{u'SUC[c]': -1, u'SUC[p]': 1, u'L-ASPARTATE[p]': -1, u'L-ASPARTATE[c]': 1}",0.00042623829347951023,"{u'SUC[c]': 0.0005697908011266336, u'SUC[p]': 0.0, u'L-ASPARTATE[p]': 0.0, u'L-ASPARTATE[c]': 0.008397822960782257}","{u'DCUB-MONOMER[i]': 4.77802417988514e-09, u'DCUA-MONOMER[i]': 5.929054735122311e-07}"
0,TRANS-RXN0-537 (reverse),"{u'GLY[p]': 1, u'GLY[c]': -1}",0.0,"{u'GLY[p]': 0.0, u'GLY[c]': 0.0026006097182397023}",{u'CPLX0-7654[i]': 2.1137092549375987e-07}
1,TRANS-RXN0-537 (reverse),"{u'GLY[p]': 1, u'GLY[c]': -1}",0.0,"{u'GLY[p]': 0.0, u'GLY[c]': 0.0026014620460465807}",{u'CPLX0-7654[i]': 2.418963754839061e-07}
2,TRANS-RXN0-537 (reverse),"{u'GLY[p]': 1, u'GLY[c]': -1}",-3.7998166639663905e-20,"{u'GLY[p]': 0.0, u'GLY[c]': 0.005199211082906494}",{u'CPLX0-7654[i]': 2.0850237151482887e-07}
0,TRANS-RXN-265,"{u'PI[c]': 1, u'CYS[c]': 1, u'ADP[c]': 1, u'CYS[p]': -1, u'PROTON[c]': 1, u'ATP[c]': -1, u'WATER[c]': -1}",0.0,"{u'PI[c]': 0.0004998930375564181, u'CYS[c]': 1.2085692857373807e-05, u'ADP[c]': 0.000559892406471999, u'CYS[p]': 0.0, u'PROTON[c]': 1.7791078828303944e-05, u'ATP[c]': 0.009597957269999177, u'WATER[c]': 42.73327866215106}",{u'CPLX0-8152[i]': 2.2474098950282607e-07}
1,TRANS-RXN-265,"{u'PI[c]': 1, u'CYS[c]': 1, u'ADP[c]': 1, u'CYS[p]': -1, u'PROTON[c]': 1, u'ATP[c]': -1, u'WATER[c]': -1}",0.0,"{u'PI[c]': 0.0004999543270034773, u'CYS[c]': 1.2128585790454855e-05, u'ADP[c]': 0.0005599674761850176, u'CYS[p]': 0.0, u'PROTON[c]': 1.767903329435094e-05, u'ATP[c]': 0.009599139586137196, u'WATER[c]': 42.73838191133856}",{u'CPLX0-8152[i]': 3.061994695052141e-07}
2,TRANS-RXN-265,"{u'PI[c]': 1, u'CYS[c]': 1, u'ADP[c]': 1, u'CYS[p]': -1, u'PROTON[c]': 1, u'ATP[c]': -1, u'WATER[c]': -1}",0.0,"{u'PI[c]': 0.0004998164925062599, u'CYS[c]': 2.4074432375305044e-05, u'ADP[c]': 0.0005597984704202673, u'CYS[p]': 0.0, u'PROTON[c]': 2.3067325749395924e-05, u'ATP[c]': 0.009596480208742935, u'WATER[c]': 42.72689289534784}",{u'CPLX0-8152[i]': 1.7727504669111121e-07}
0,TRANS-RXN0-469,"{u'L-ALPHA-ALANINE[p]': 1, u'L-ALPHA-ALANINE[c]': -1}",0.0,"{u'L-ALPHA-ALANINE[p]': 0.0, u'L-ALPHA-ALANINE[c]': 0.002601022173105911}",{u'G7399-MONOMER[i]': 1.6972356058502685e-08}
1,TRANS-RXN0-469,"{u'L-ALPHA-ALANINE[p]': 1, u'L-ALPHA-ALANINE[c]': -1}",0.0,"{u'L-ALPHA-ALANINE[p]': 0.0, u'L-ALPHA-ALANINE[c]': 0.002602172723012051}",{u'G7399-MONOMER[i]': 1.1111385855740616e-08}
2,TRANS-RXN0-469,"{u'L-ALPHA-ALANINE[p]': 1, u'L-ALPHA-ALANINE[c]': -1}",1.139281915032224e-19,"{u'L-ALPHA-ALANINE[p]': 0.0, u'L-ALPHA-ALANINE[c]': 0.00519960317963062}",{u'G7399-MONOMER[i]': 1.3205278273335179e-08}
0,ABC-35-RXN,"{u'PI[c]': 1, u'LEU[c]': 1, u'ADP[c]': 1, u'LEU[p]': -1, u'ATP[c]': -1, u'WATER[c]': -1, u'PROTON[c]': 1}",0.0,"{u'PI[c]': 0.0004998930375564181, u'LEU[c]': 0.00019337858611329878, u'ADP[c]': 0.000559892406471999, u'LEU[p]': 0.0, u'ATP[c]': 0.009597957269999177, u'WATER[c]': 42.73327866215106, u'PROTON[c]': 1.7791078828303944e-05}","{u'ABC-304-CPLX[i]': 1.1834844942235433e-07, u'ABC-15-CPLX[i]': 1.2010506091659202e-07}"
1,ABC-35-RXN,"{u'PI[c]': 1, u'LEU[c]': 1, u'ADP[c]': 1, u'LEU[p]': -1, u'ATP[c]': -1, u'WATER[c]': -1, u'PROTON[c]': 1}",0.0,"{u'PI[c]': 0.0004999543270034773, u'LEU[c]': 0.00020264959706760361, u'ADP[c]': 0.0005599674761850176, u'LEU[p]': 0.0, u'ATP[c]': 0.009599139586137196, u'WATER[c]': 42.73838191133856, u'PROTON[c]': 1.767903329435094e-05}","{u'ABC-304-CPLX[i]': 1.242417076093393e-07, u'ABC-15-CPLX[i]': 1.2244528417367363e-07}"
2,ABC-35-RXN,"{u'PI[c]': 1, u'LEU[c]': 1, u'ADP[c]': 1, u'LEU[p]': -1, u'ATP[c]': -1, u'WATER[c]': -1, u'PROTON[c]': 1}",2.208954316933773e-05,"{u'PI[c]': 0.0004998164925062599, u'LEU[c]': 0.0016437738791881835, u'ADP[c]': 0.0005597984704202673, u'LEU[p]': 0.0, u'ATP[c]': 0.009596480208742935, u'WATER[c]': 42.72689289534784, u'PROTON[c]': 2.3067325749395924e-05}","{u'ABC-304-CPLX[i]': 1.1546638460982902e-07, u'ABC-15-CPLX[i]': 1.1504669819107698e-07}"
0,TRANS-RXN-262,"{u'ASN[p]': -1, u'ASN[c]': 1, u'PROTON[c]': 1, u'PROTON[p]': -1}",0.0,"{u'ASN[p]': 0.0, u'ASN[c]': 0.0005106135603208135, u'PROTON[c]': 1.7791078828303944e-05, u'PROTON[p]': 0.0}",{u'ANSP-MONOMER[i]': 2.1953721207111076e-08}
1,TRANS-RXN-262,"{u'ASN[p]': -1, u'ASN[c]': 1, u'PROTON[c]': 1, u'PROTON[p]': -1}",0.0,"{u'ASN[p]': 0.0, u'ASN[c]': 0.0005110293796799143, u'PROTON[c]': 1.767903329435094e-05, u'PROTON[p]': 0.0}",{u'ANSP-MONOMER[i]': 3.2096379993071595e-08}
2,TRANS-RXN-262,"{u'ASN[p]': -1, u'ASN[c]': 1, u'PROTON[c]': 1, u'PROTON[p]': -1}",9.142705477967632e-05,"{u'ASN[p]': 0.0, u'ASN[c]': 0.0010204049132552454, u'PROTON[c]': 2.3067325749395924e-05, u'PROTON[p]': 0.0}",{u'ANSP-MONOMER[i]': 1.9137391901835264e-08}
0,RXN0-3,"{u'PI[c]': 1, u'CYS[c]': -1, u'ADP[c]': 1, u'CYS[p]': 1, u'PROTON[c]': 1, u'ATP[c]': -1, u'WATER[c]': -1}",0.0,"{u'PI[c]': 0.0004998930375564181, u'CYS[c]': 1.2085692857373807e-05, u'ADP[c]': 0.000559892406471999, u'CYS[p]': 0.0, u'PROTON[c]': 1.7791078828303944e-05, u'ATP[c]': 0.009597957269999177, u'WATER[c]': 42.73327866215106}",{u'ABC-6-CPLX[i]': 7.070846235886457e-08}
1,RXN0-3,"{u'PI[c]': 1, u'CYS[c]': -1, u'ADP[c]': 1, u'CYS[p]': 1, u'PROTON[c]': 1, u'ATP[c]': -1, u'WATER[c]': -1}",0.0,"{u'PI[c]': 0.0004999543270034773, u'CYS[c]': 1.2128585790454855e-05, u'ADP[c]': 0.0005599674761850176, u'CYS[p]': 0.0, u'PROTON[c]': 1.767903329435094e-05, u'ATP[c]': 0.009599139586137196, u'WATER[c]': 42.73838191133856}",{u'ABC-6-CPLX[i]': 8.871395975937256e-08}
2,RXN0-3,"{u'PI[c]': 1, u'CYS[c]': -1, u'ADP[c]': 1, u'CYS[p]': 1, u'PROTON[c]': 1, u'ATP[c]': -1, u'WATER[c]': -1}",0.0,"{u'PI[c]': 0.0004998164925062599, u'CYS[c]': 2.4074432375305044e-05, u'ADP[c]': 0.0005597984704202673, u'CYS[p]': 0.0, u'PROTON[c]': 2.3067325749395924e-05, u'ATP[c]': 0.009596480208742935, u'WATER[c]': 42.72689289534784}",{u'ABC-6-CPLX[i]': 5.937719296927262e-08}
0,TRANS-RXN-106D-L-ASPARTATE/PROTON//L-ASPARTATE/PROTON.39.,"{u'PROTON[c]': 3, u'PROTON[p]': -3, u'L-ASPARTATE[p]': -1, u'L-ASPARTATE[c]': 1}",0.0,"{u'PROTON[c]': 1.7791078828303944e-05, u'L-ASPARTATE[c]': 0.004200033330291084, u'L-ASPARTATE[p]': 0.0, u'PROTON[p]': 0.0}","{u'DCUB-MONOMER[i]': 8.146666534495246e-09, u'DCUA-MONOMER[i]': 5.956568920162915e-07}"
1,TRANS-RXN-106D-L-ASPARTATE/PROTON//L-ASPARTATE/PROTON.39.,"{u'PROTON[c]': 3, u'PROTON[p]': -3, u'L-ASPARTATE[p]': -1, u'L-ASPARTATE[c]': 1}",0.0,"{u'PROTON[c]': 1.767903329435094e-05, u'L-ASPARTATE[c]': 0.004200994570976621, u'L-ASPARTATE[p]': 0.0, u'PROTON[p]': 0.0}","{u'DCUB-MONOMER[i]': 5.443752264299476e-09, u'DCUA-MONOMER[i]': 6.130818672846486e-07}"
2,TRANS-RXN-106D-L-ASPARTATE/PROTON//L-ASPARTATE/PROTON.39.,"{u'PROTON[c]': 3, u'PROTON[p]': -3, u'L-ASPARTATE[p]': -1, u'L-ASPARTATE[c]': 1}",0.0,"{u'PROTON[c]': 2.3067325749395924e-05, u'L-ASPARTATE[c]': 0.008397822960782257, u'L-ASPARTATE[p]': 0.0, u'PROTON[p]': 0.0}","{u'DCUB-MONOMER[i]': 4.77802417988514e-09, u'DCUA-MONOMER[i]': 5.929054735122311e-07}"
