Gene ID (EcoCyc),Gene locus ID,Gene name,Enzyme encoded,Pathways,Pathways parent,Protein products,MultiFuntional ID,MultiFuntional name,Reactions,Description by Cyrus
EG10022,b4015,aceA,ISOCIT-LYASE,GLYOXYLATE-BYPASS,Energy-Metabolism,ISOCIT-LYASE-MONOMER,BC-1.7.2,['metabolism -> central intermediary metabolism -> glyoxylate bypass'],['ISOCIT-CLEAV-RXN'],acetate transport + metabolism
EG10023,b4014,aceB,MALATE-SYNTHASE,GLYOXYLATE-BYPASS,Energy-Metabolism,MALATE-SYNTHASE,BC-1.7.2,['metabolism -> central intermediary metabolism -> glyoxylate bypass'],['MALSYN-RXN'],acetate transport + metabolism
EG11942,b4067,actP,CPLX0-7955,,,YJCG-MONOMER,"['BC-4.2.A', 'BC-6.1']","['transport -> Electrochemical potential driven transporters -> Porters (Uni-, Sym- and Antiporters)', 'cell structure -> membrane']","['RXN0-1981', 'RXN0-5111', 'TRANS-RXN0-576']",acetate transport + metabolism
EG11724,b3714,adeP,EG11724-MONOMER,,,EG11724-MONOMER,BC-4.2.A,"['transport -> Electrochemical potential driven transporters -> Porters (Uni-, Sym- and Antiporters)']",['TRANS-RXN0-447'],adenine transport
EG12462,b4115,adiC,CPLX0-7535,,,YJDE-MONOMER,"['BC-4.2.A', 'BC-6.1']","['transport -> Electrochemical potential driven transporters -> Porters (Uni-, Sym- and Antiporters)', 'cell structure -> membrane']",['RXN0-2162'],"transport, acid resistance"
EG11101,b0476,aes,CPLX0-8033,,,EG11101-MONOMER,BC-1.1.1,['metabolism -> carbon utilization -> carbon compounds'],['ACETYLESTERASE-RXN'],general fatty acid degradation
G7634,b3136,agaS,G7634-MONOMER,,,G7634-MONOMER,BC-1.1,['metabolism -> carbon utilization'],['RXN-13548'],"enzyme, only in some strains"
EG10033,b1002,agp,GLUCOSE-1-PHOSPHAT-CPLX,,,GLUCOSE-1-PHOSPHAT-MONOMER,BC-1.7.9,['metabolism -> central intermediary metabolism -> misc. glucose metabolism'],"['GLUCOSE-1-PHOSPHAT-RXN', 'RXN0-1001']",periplasmic phosphatase to import g6p
EG11384,b0605,ahpC,CPLX0-245,,,EG11384-MONOMER,BC-5.6.2,['cell processes -> protection -> detoxification'],"['R4-RXN', 'RXN-19953', 'RXN-19954', 'RXN-20692', 'RXN-20691']",general peroxidase
G6275,b0505,allA,G6275-MONOMER,PWY-5705,"['Allantoin-degradation', 'Super-Pathways']",G6275-MONOMER,"['BC-1.7.26', 'BC-1.8.3']","['metabolism -> central intermediary metabolism -> allantoin assimilation', 'metabolism -> metabolism of other compounds -> nitrogen metabolism']",['UREIDOGLYCOLATE-LYASE-RXN'],allantoin purine utilization nitrogen source
G6286,b0517,allD,CPLX0-7993,PWY0-41,"['Allantoin-degradation', 'Super-Pathways']",G6286-MONOMER,"['BC-1.7.26', 'BC-1.8.3']","['metabolism -> central intermediary metabolism -> allantoin assimilation', 'metabolism -> metabolism of other compounds -> nitrogen metabolism']",['RXN0-7024'],allantoin purine utilization nitrogen source
EG10041,b0110,ampD,EG10041-MONOMER,PWY0-1261,Anhydromuropeptides-Recycling,EG10041-MONOMER,"['BC-1.7.34', 'BC-6.2']","['metabolism -> central intermediary metabolism -> murein turnover, recycling', 'cell structure -> murein']",['RXN0-5225'],cell wall recycling
G6880,b1640,anmK,G6880-MONOMER,PWY0-1261,Anhydromuropeptides-Recycling,G6880-MONOMER,BC-1.7.34,"['metabolism -> central intermediary metabolism -> murein turnover, recycling']",['RXN0-4621'],cell wall recycling
EG11159,b2923,argO,YGGA-MONOMER,,,YGGA-MONOMER,BC-4.2.A,"['transport -> Electrochemical potential driven transporters -> Porters (Uni-, Sym- and Antiporters)']","['RXN66-448', 'TRANS-RXN-325']",arg transport
EG10086,b2715,ascF,CPLX-153,,,ASCF-MONOMER,"['BC-1.1.1', 'BC-4.4.A', 'BC-6.1']","['metabolism -> carbon utilization -> carbon compounds', 'transport -> Group Translocators -> Phosphotransferase Systems (PEP-dependent PTS)', 'cell structure -> membrane']","['TRANS-RXN-155', 'TRANS-RXN-153A', 'TRANS-RXN-153']",pts rare carbon
EG11671,b2223,atoE,EG11671-MONOMER,,,EG11671-MONOMER,BC-4.9.B,['transport -> Putative uncharacterized transport protein'],['TRANS-RXN0-281'],acetoacetate trans
EG11665,b3057,bacA,EG11665-MONOMER,PWY-5785,"['Lipid-Anchor-Biosynthesis', 'Polyprenyl-Biosynthesis']",EG11665-MONOMER,"['BC-5.6.4', 'BC-6.1']","['cell processes -> protection -> drug resistance/sensitivity', 'cell structure -> membrane']","['UNDECAPRENYL-DIPHOSPHATASE-RXN', 'RXN-11776']",cell wall synthesis
EG10108,b2480,bcp,EG10108-MONOMER,,,EG10108-MONOMER,BC-5.6.2,['cell processes -> protection -> detoxification'],"['1.11.1.15-RXN', 'RXN-19953', 'RXN-19954', 'RXN0-5468']","thio redox, oxidative stress"
G495,b2901,bglA,G495-MONOMER,,,G495-MONOMER,BC-1.1.1,['metabolism -> carbon utilization -> carbon compounds'],"['RXN0-5295', 'RXN0-6994']","glucosidase, more evidence needed"
EG10114,b3721,bglB,EG10114-MONOMER,,,EG10114-MONOMER,BC-1.1.1,['metabolism -> carbon utilization -> carbon compounds'],"['RXN0-5297', 'RXN0-5295', '6-PHOSPHO-BETA-GLUCOSIDASE-RXN']","glucosidase, more evidence needed"
EG12013,b2132,bglX,EG12013-MONOMER,BGALACT-PWY,LACTOSE-DEG,EG12013-MONOMER,BC-1.1.1,['metabolism -> carbon utilization -> carbon compounds'],"['RXN-24169', 'RXN-24170', 'RXN-14722', 'BETAGALACTOSID-RXN']","glucosidase, more evidence needed"
EG10126,b3966,btuB,CPLX0-1924,,,EG10126-MONOMER,"['BC-4.1.B', 'BC-8.1']","['transport -> Channel-type Transporters -> Beta barrel porins (The Outer Membrane Porin (OMP) Functional Superfamily)', 'extrachromosomal -> prophage genes and phage related functions']","['RXN0-1565', 'TRANS-RXN0-283']",vit b uptake
EG10127,b1711,btuC,ABC-5-CPLX,,,BTUC-MONOMER,"['BC-1.5.3.13', 'BC-4.3.A.1.m', 'BC-6.1']","['metabolism -> biosynthesis of building blocks -> cofactors, small molecule carriers -> cobalamin', 'transport -> Primary Active Transporters -> Pyrophosphate Bond (ATP; GTP; P2) Hydrolysis-driven Active Transporters -> The ATP-binding Cassette (ABC) Superfamily + ABC-type Uptake Permeases -> ABC superfamily, membrane component', 'cell structure -> membrane']","['ABC-5-RXN', 'TRANS-RXN-296']",vit b uptake
EG10128,b1709,btuD,ABC-5-CPLX,,,BTUD-MONOMER,"['BC-1.5.3.13', 'BC-4.3.A.1.a']","['metabolism -> biosynthesis of building blocks -> cofactors, small molecule carriers -> cobalamin', 'transport -> Primary Active Transporters -> Pyrophosphate Bond (ATP; GTP; P2) Hydrolysis-driven Active Transporters -> The ATP-binding Cassette (ABC) Superfamily + ABC-type Uptake Permeases -> ABC superfamily ATP binding cytoplasmic component']","['ABC-5-RXN', 'TRANS-RXN-296']",vit b uptake
EG10130,b1270,btuR,COBALADENOSYLTRANS-MONOMER,"['PWY-7971', 'PWY-6268']","['B12-Salvage-From-Cobinamide', 'Cobamide-Salvage']",COBALADENOSYLTRANS-MONOMER,BC-1.5.3.13,"['metabolism -> biosynthesis of building blocks -> cofactors, small molecule carriers -> cobalamin']","['BTUR2-RXN', 'RXN-19342', 'RXN-19343', 'COBALADENOSYLTRANS-RXN']",vit b uptake
EG11560,b0039,caiA,CROBETREDUCT-MONOMER,CARNMET-PWY,"['ANAEROBIC-RESPIRATION', 'CARN-DEG']",CROBETREDUCT-MONOMER,"['BC-1.4.2', 'BC-1.7.22']","['metabolism -> energy production/transport -> electron acceptors', 'metabolism -> central intermediary metabolism -> carnitine metabolism']",['CROBETREDUCT-RXN'],carnitine metabolism
EG11559,b0038,caiB,CARNDEHYDRA-CPLX,CARNMET-PWY,"['ANAEROBIC-RESPIRATION', 'CARN-DEG']",CARNDEHYDRA-MONOMER,BC-1.7.22,['metabolism -> central intermediary metabolism -> carnitine metabolism'],['RXN0-3601'],carnitine metabolism
EG11558,b0037,caiC,CAIC-MONOMER,CARNMET-PWY,"['ANAEROBIC-RESPIRATION', 'CARN-DEG']",CAIC-MONOMER,BC-1.1.4,['metabolism -> carbon utilization -> amines'],['LCARNCOALIG-RXN'],carnitine metabolism
EG11557,b0036,caiD,CARNRACE-MONOMER,CARNMET-PWY,"['ANAEROBIC-RESPIRATION', 'CARN-DEG']",CARNRACE-MONOMER,BC-1.7.22,['metabolism -> central intermediary metabolism -> carnitine metabolism'],['CARNDETRU-RXN'],carnitine metabolism
EG11561,b0040,caiT,CPLX0-7906,CARNMET-PWY,"['ANAEROBIC-RESPIRATION', 'CARN-DEG']",CAIT-MONOMER,"['BC-1.1.1', 'BC-4.2.A', 'BC-6.1']","['metabolism -> carbon utilization -> carbon compounds', 'transport -> Electrochemical potential driven transporters -> Porters (Uni-, Sym- and Antiporters)', 'cell structure -> membrane']",['TRANS-RXN-100'],carnitine metabolism
EG12059,b2201,ccmA,CPLX-9493,PWY-8147,"['Cytochrome-C-Biogenesis', 'Protein-Modification']",CCMA-MONOMER,BC-1.6.15.1,['metabolism -> biosynthesis of macromolecules (cellular constituents) -> large molecule carriers -> cytochromes'],['RXN-21408'],t1 cyt c gen
EG12058,b2200,ccmB,CPLX-9493,PWY-8147,"['Cytochrome-C-Biogenesis', 'Protein-Modification']",CCMB-MONOMER,"['BC-1.6.15.1', 'BC-6.1']","['metabolism -> biosynthesis of macromolecules (cellular constituents) -> large molecule carriers -> cytochromes', 'cell structure -> membrane']",['RXN-21408'],t1 cyt c gen
EG12057,b2199,ccmC,ABC-35-CPLX,PWY-8147,"['Cytochrome-C-Biogenesis', 'Protein-Modification']",CCMC-MONOMER,"['BC-1.6.15.1', 'BC-6.1']","['metabolism -> biosynthesis of macromolecules (cellular constituents) -> large molecule carriers -> cytochromes', 'cell structure -> membrane']",['RXN-21407'],t1 cyt c gen
EG12169,b2198,ccmD,ABC-35-CPLX,PWY-8147,"['Cytochrome-C-Biogenesis', 'Protein-Modification']",EG12169-MONOMER,"['BC-1.6.15.1', 'BC-2.3.4', 'BC-6.1']","['metabolism -> biosynthesis of macromolecules (cellular constituents) -> large molecule carriers -> cytochromes', 'information transfer -> protein related -> chaperoning, repair (refolding)', 'cell structure -> membrane']",['RXN-21407'],t1 cyt c gen
EG12055,b2197,ccmE,ABC-35-CPLX,PWY-8147,"['Cytochrome-C-Biogenesis', 'Protein-Modification']",CCME-MONOMER,"['BC-1.6.15.1', 'BC-2.3.4']","['metabolism -> biosynthesis of macromolecules (cellular constituents) -> large molecule carriers -> cytochromes', 'information transfer -> protein related -> chaperoning, repair (refolding)']",['RXN-21407'],t1 cyt c gen
EG12054,b2196,ccmF,EG12054-MONOMER,PWY-8147,"['Cytochrome-C-Biogenesis', 'Protein-Modification']",EG12054-MONOMER,"['BC-1.6.15.1', 'BC-6.1']","['metabolism -> biosynthesis of macromolecules (cellular constituents) -> large molecule carriers -> cytochromes', 'cell structure -> membrane']","['RXN-21423', 'RXN0-7454']",t1 cyt c gen
EG12053,b2195,ccmG,EG12053-MONOMER,PWY-8147,"['Cytochrome-C-Biogenesis', 'Protein-Modification']",EG12053-MONOMER,"['BC-1.6.15.1', 'BC-2.3.4', 'BC-6.1']","['metabolism -> biosynthesis of macromolecules (cellular constituents) -> large molecule carriers -> cytochromes', 'information transfer -> protein related -> chaperoning, repair (refolding)', 'cell structure -> membrane']","['RXN-21421', 'RXN-21424', 'RXN-21425']",t1 cyt c gen
EG12052,b2194,ccmH,EG12052-MONOMER,PWY-8147,"['Cytochrome-C-Biogenesis', 'Protein-Modification']",EG12052-MONOMER,"['BC-1.6.15.1', 'BC-2.3.4', 'BC-6.1']","['metabolism -> biosynthesis of macromolecules (cellular constituents) -> large molecule carriers -> cytochromes', 'information transfer -> protein related -> chaperoning, repair (refolding)', 'cell structure -> membrane']",['RXN-21422'],t1 cyt c gen
EG11531,b1661,cfa,CFA-CPLX,PWY0-541,Cyclopropane-fatty-acid-biosyn,CFA-MONOMER,BC-1.5.4,['metabolism -> biosynthesis of building blocks -> fatty acids and phosphatidic acid'],['2.1.1.79-RXN'],unsat fatty acid methyl
EG10142,b1736,chbA,CPLX-155,,,CELC-MONOMER,"['BC-1.1.1', 'BC-4.4.A']","['metabolism -> carbon utilization -> carbon compounds', 'transport -> Group Translocators -> Phosphotransferase Systems (PEP-dependent PTS)']","['TRANS-RXN-155B', 'TRANS-RXN-155']",cellobiose transport
EG10140,b1738,chbB,CPLX-155,,,CELA-MONOMER,"['BC-1.1.1', 'BC-4.4.A']","['metabolism -> carbon utilization -> carbon compounds', 'transport -> Group Translocators -> Phosphotransferase Systems (PEP-dependent PTS)']","['TRANS-RXN-155B', 'TRANS-RXN-155']",cellobiose transport
EG10141,b1737,chbC,CPLX-155,,,CELB-MONOMER,"['BC-1.1.1', 'BC-4.4.A', 'BC-6.1']","['metabolism -> carbon utilization -> carbon compounds', 'transport -> Group Translocators -> Phosphotransferase Systems (PEP-dependent PTS)', 'cell structure -> membrane']","['TRANS-RXN-155B', 'TRANS-RXN-155']",cellobiose transport
EG10144,b1734,chbF,CPLX0-7979,PWY0-1309,Carbohydrates-Degradation,EG10144-MONOMER,BC-1.1.1,['metabolism -> carbon utilization -> carbon compounds'],"['RXN0-7392', '6-PHOSPHO-BETA-GLUCOSIDASE-RXN']",cellobiose metabolism
G6339,b0613,citG,G6339-MONOMER,P2-PWY,Carriers-Biosynthesis,G6339-MONOMER,BC-2.3.3,['information transfer -> protein related -> posttranslational modification'],['2.7.8.25-RXN'],citrate lyase prosthetic group syn
G6338,b0612,citT,B0612-MONOMER,,,B0612-MONOMER,"['BC-1.1.1', 'BC-4.2.A', 'BC-6.1']","['metabolism -> carbon utilization -> carbon compounds', 'transport -> Electrochemical potential driven transporters -> Porters (Uni-, Sym- and Antiporters)', 'cell structure -> membrane']",['TRANS-RXN0-201'],"citrate transport, anaerobic"
G6340,b0614,citX,G6340-MONOMER,P2-PWY,Carriers-Biosynthesis,G6340-MONOMER,BC-2.3.3,['information transfer -> protein related -> posttranslational modification'],['2.7.7.61-RXN'],citrate lyase prosthetic group syn
G6850,b1592,clcB,YNFJ-MONOMER,,,YNFJ-MONOMER,BC-4,['transport'],['RXN0-2501'],"chloride transport, acid resistance"
G6349,b0638,cobC,RIBAZOLEPHOSPHAT-MONOMER,"['PWY-5509', 'COBALSYN-PWY']","['Adenosylcobamide-Biosynthesis', 'B12-Salvage-From-Cobinamide', 'Super-Pathways']",RIBAZOLEPHOSPHAT-MONOMER,BC-1.5.3.13,"['metabolism -> biosynthesis of building blocks -> cofactors, small molecule carriers -> cobalamin']","['RXN-8770', 'RXN-16788']","vit b12 biosynthesis, putative"
EG11327,b0336,codB,CODB-MONOMER,,,CODB-MONOMER,"['BC-1.7.33', 'BC-4.2.A', 'BC-6.1']","['metabolism -> central intermediary metabolism -> nucleotide and nucleoside conversions', 'transport -> Electrochemical potential driven transporters -> Porters (Uni-, Sym- and Antiporters)', 'cell structure -> membrane']",['TRANS-RXN-116'],cytosine transport
EG10160,b4213,cpdB,CPDB-MONOMER,,,CPDB-MONOMER,BC-1.7.33,['metabolism -> central intermediary metabolism -> nucleotide and nucleoside conversions'],"['CYCPHOSDIESTER-RXN', '3-NUCLEOTID-RXN', 'RXN-14115', 'RXN-14126', 'RXN-14124', 'RXN-14090', 'RXN-14113', 'RXN-14112', 'RXN-14091', 'RXN-14064']","cyclic phosphadiesterase, broad"
G6760,b1449,curA,CPLX0-7927,PWY0-1527,SECONDARY-METABOLITE-DEGRADATION,G6760-MONOMER,Unclassified-Genes,['UNCLASSIFIED'],"['RXN0-6677', 'RXN0-6676']","curcumin met, unknown further path"
G6322,b0574,cusB,CPLX0-1721,,,G6322-MONOMER,"['BC-4.8.A', 'BC-5.6.4']","['transport -> Accessory Factors Involved in Transport', 'cell processes -> protection -> drug resistance/sensitivity']","['TRANS-RXN0-280', 'TRANS-RXN-90']",copper/silver efflux
G6320,b0572,cusC,CPLX0-1721,,,G6320-MONOMER,"['BC-6.1', 'BC-8.3']","['cell structure -> membrane', 'extrachromosomal -> transposon related']","['TRANS-RXN0-280', 'TRANS-RXN-90']",copper/silver efflux
G6321,b0573,cusF,CPLX0-1721,,,G6321-MONOMER,"['BC-4', 'BC-5.5']","['transport', 'cell processes -> adaptations']","['TRANS-RXN0-280', 'TRANS-RXN-90']",copper/silver efflux
EG10172,b1418,cybB,CYTOCHROME-B561-MONOMER,,,CYTOCHROME-B561-MONOMER,"['BC-1.4.3', 'BC-1.6.15.1']","['metabolism -> energy production/transport -> electron carriers', 'metabolism -> biosynthesis of macromolecules (cellular constituents) -> large molecule carriers -> cytochromes']",['RXN-20148'],aux respiratory chain 
EG10175,b0340,cynS,CYANLY-CPLX,CYANCAT-PWY,"['Detoxification', 'NITROGEN-DEG']",CYANLY-MONOMER,"['BC-1.7.24', 'BC-1.8.3', 'BC-5.6.2']","['metabolism -> central intermediary metabolism -> cyanate catabolism', 'metabolism -> metabolism of other compounds -> nitrogen metabolism', 'cell processes -> protection -> detoxification']",['R524-RXN'],cyanate/cyanide utilization
EG10177,b0341,cynX,CYNX-MONOMER,,,CYNX-MONOMER,"['BC-1.7.24', 'BC-4.2.A', 'BC-5.6.2', 'BC-6.1']","['metabolism -> central intermediary metabolism -> cyanate catabolism', 'transport -> Electrochemical potential driven transporters -> Porters (Uni-, Sym- and Antiporters)', 'cell processes -> protection -> detoxification', 'cell structure -> membrane']",['TRANS-RXN-14'],cyanate transport
EG10201,b0632,dacA,CPLX0-8252,PWY0-1586,Peptidoglycan-Biosynthesis,EG10201-MONOMER,"['BC-1.6.7', 'BC-5.1', 'BC-5.6.4']","['metabolism -> biosynthesis of macromolecules (cellular constituents) -> murein (peptidoglycan)', 'cell processes -> cell division', 'cell processes -> protection -> drug resistance/sensitivity']","['RXN-16649', 'BETA-LACTAMASE-RXN', '3.4.17.8-RXN', 'RXN-19249', 'RXN-19253']",antibiotic resistance
EG10202,b3182,dacB,CPLX0-8545,PWY0-1586,Peptidoglycan-Biosynthesis,EG10202-MONOMER,"['BC-1.6.7', 'BC-5.6.4', 'BC-6.2']","['metabolism -> biosynthesis of macromolecules (cellular constituents) -> murein (peptidoglycan)', 'cell processes -> protection -> drug resistance/sensitivity', 'cell structure -> murein']","['RXN-16649', 'RXN0-3461']",antibiotic resistance
EG10203,b0839,dacC,CPLX0-8254,PWY0-1586,Peptidoglycan-Biosynthesis,EG10203-MONOMER,BC-1.6.7,['metabolism -> biosynthesis of macromolecules (cellular constituents) -> murein (peptidoglycan)'],"['RXN-16649', 'RXN-19249', '3.4.17.8-RXN', 'RXN-19256']",antibiotic resistance
EG11893,b2010,dacD,RPOA-MONOMER,PWY0-1586,Peptidoglycan-Biosynthesis,RPOA-MONOMER,BC-1.6.7,['metabolism -> biosynthesis of macromolecules (cellular constituents) -> murein (peptidoglycan)'],"['RXN-16649', 'BETA-LACTAMASE-RXN', 'RXN-19249', 'RXN-19253']",antibiotic resistance
G6347,b0621,dcuC,DCUC-MONOMER,,,DCUC-MONOMER,"['BC-1.1.1', 'BC-4.2.A', 'BC-6.1']","['metabolism -> carbon utilization -> carbon compounds', 'transport -> Electrochemical potential driven transporters -> Porters (Uni-, Sym- and Antiporters)', 'cell structure -> membrane']","['TRANS-RXN-300', 'TRANS-RXN-106', 'TRANS-RXN-299']",succinate/fumarate transport
G6980,b1794,dgcP,G6980-MONOMER,,,G6980-MONOMER,Unclassified-Genes,['UNCLASSIFIED'],['RXN0-5359'],"prod of reg for biofilm formation, lifestyle"
GB4478,b3692,dgoD,GALACTONATE-DEHYDRATASE-MONOMER,GALACTCAT-PWY,Aldonate-Degradation,GALACTONATE-DEHYDRATASE-MONOMER,BC-1.1.1,['metabolism -> carbon utilization -> carbon compounds'],['GALACTONDEHYDRAT-RXN'],galactonate metabolism (carbon source)
EG20051,b3693,dgoK,DEHYDDEOXGALACTKIN-MONOMER,GALACTCAT-PWY,Aldonate-Degradation,DEHYDDEOXGALACTKIN-MONOMER,BC-1.1.1,['metabolism -> carbon utilization -> carbon compounds'],['DEHYDDEOXGALACTKIN-RXN'],galactonate metabolism (carbon source)
EG20053,b3691,dgoT,YIDT-MONOMER,,,YIDT-MONOMER,"['BC-4.2.A', 'BC-6.1']","['transport -> Electrochemical potential driven transporters -> Porters (Uni-, Sym- and Antiporters)', 'cell structure -> membrane']",['TRANS-RXN-16'],galactonate metabolism (carbon source)
G6784,b1490,dosC,CPLX0-8218,,,G6784-MONOMER,"['BC-3', 'BC-5.3', 'BC-5.5']","['regulation', 'cell processes -> motility, chemotaxis, energytaxis (aerotaxis, redoxtaxis etc)', 'cell processes -> adaptations']",['RXN0-5359'],"cdGMP, stress response (oxygen)"
G6783,b1489,dosP,CPLX0-8199,,,G6783-MONOMER,BC-5.5,['cell processes -> adaptations'],['RXN0-4181'],"cdGMP, stress response (oxygen)"
EG10250,b2365,dsdX,DSDX-MONOMER,,,DSDX-MONOMER,"['BC-4.2.A', 'BC-6.1']","['transport -> Electrochemical potential driven transporters -> Porters (Uni-, Sym- and Antiporters)', 'cell structure -> membrane']",['TRANS-RXN0-495'],Serine transport
EG11105,b0597,entH,CPLX0-7766,,,EG11105-MONOMER,"['BC-1.5.3.14', 'BC-5.5.7']","['metabolism -> biosynthesis of building blocks -> cofactors, small molecule carriers -> enterochelin (enterobactin)', 'cell processes -> adaptations -> Fe aquisition']","['RXN0-7105', 'RXN0-7046']",enterobactin gen
EG11104,b0591,entS,YBDA-MONOMER,,,YBDA-MONOMER,"['BC-4.2.A', 'BC-6.1']","['transport -> Electrochemical potential driven transporters -> Porters (Uni-, Sym- and Antiporters)', 'cell structure -> membrane']",['TRANS-RXN0-496'],enterobactin gen
G7285,b2455,eutE,G7285-MONOMER,"['ETOH-ACETYLCOA-ANA-PWY', 'PWY-5436', 'PWY-5162', 'PWY-7180', 'PWY0-1477', 'PWY-5480', 'FERMENTATION-PWY']","['Ethanol-Degradation', 'THREONINE-DEG', 'CARBOXYLATES-DEG', 'Sugar-Derivatives', 'AMINE-DEG', 'Pyruvate-Ethanol-Fermentation', 'Fermentation-to-Acids', 'Pyruvate-Ethanol-Fermentation', 'Super-Pathways']",G7285-MONOMER,BC-1.1.4,['metabolism -> carbon utilization -> amines'],['ACETALD-DEHYDROG-RXN'],transport
EG10271,b3006,exbB,"['CPLX0-1924', 'CPLX0-1941', 'CPLX0-1942', 'CPLX0-1943', 'CPLX0-7952', 'CPLX0-8541', 'CPLX0-9372']",,,EG10271-MONOMER,"['BC-4.2.C', 'BC-5.5.7', 'BC-6.1']","['transport -> Electrochemical potential driven transporters -> Ion-gradient-driven energizers', 'cell processes -> adaptations -> Fe aquisition', 'cell structure -> membrane']","['RXN0-1565', 'TRANS-RXN0-283', 'RXN0-1682', 'RXN0-1701', 'RXN0-1684', 'RXN0-1702', 'RXN0-1721', 'TRANS-RXN0-629']",metal transport
EG10272,b3005,exbD,"['CPLX0-1924', 'CPLX0-1941', 'CPLX0-1942', 'CPLX0-1943', 'CPLX0-7952', 'CPLX0-8541', 'CPLX0-9372']",,,EG10272-MONOMER,"['BC-4.2.C', 'BC-5.5.7', 'BC-6.1']","['transport -> Electrochemical potential driven transporters -> Ion-gradient-driven energizers', 'cell processes -> adaptations -> Fe aquisition', 'cell structure -> membrane']","['RXN0-1565', 'TRANS-RXN0-283', 'RXN0-1682', 'RXN0-1701', 'RXN0-1684', 'RXN0-1702', 'RXN0-1721', 'TRANS-RXN0-629']",metal transport
G36,b3081,fadH,DIENOYLCOAREDUCT-MONOMER,,,DIENOYLCOAREDUCT-MONOMER,"['BC-1.1.2', 'BC-1.5.4']","['metabolism -> carbon utilization -> fatty acids', 'metabolism -> biosynthesis of building blocks -> fatty acids and phosphatidic acid']",['DIENOYLCOAREDUCT-RXN'],fatty acid chain modification
EG11788,b2052,fcl,CPLX0-3881,PWY-66,GDP-Sugar-Biosynthesis,FCL-MONOMER,"['BC-1.6.2', 'BC-5.5.5', 'BC-6.3', 'BC-6.7']","['metabolism -> biosynthesis of macromolecules (cellular constituents) -> colanic acid (M antigen)', 'cell processes -> adaptations -> dessication', 'cell structure -> surface antigens (ECA, O antigen of LPS)', 'cell structure -> capsule (M and K antigens)']","['1.1.1.271-RXN', 'FCLEPIM-RXN', 'FCLREDUCT-RXN']",cell wall component biosynthesis
EG10286,b4291,fecA,CPLX0-1943,,,EG10286-MONOMER,"['BC-4.1.B', 'BC-5.5.7']","['transport -> Channel-type Transporters -> Beta barrel porins (The Outer Membrane Porin (OMP) Functional Superfamily)', 'cell processes -> adaptations -> Fe aquisition']",['RXN0-1684'],metal transport
EG10287,b4290,fecB,ABC-9-CPLX,,,FECB-MONOMER,"['BC-4.3.A.1.p', 'BC-5.5.7']","['transport -> Primary Active Transporters -> Pyrophosphate Bond (ATP; GTP; P2) Hydrolysis-driven Active Transporters -> The ATP-binding Cassette (ABC) Superfamily + ABC-type Uptake Permeases -> ABC superfamily, periplasmic binding component', 'cell processes -> adaptations -> Fe aquisition']",['ABC-9-RXN'],metal transport
EG10288,b4289,fecC,ABC-9-CPLX,,,FECC-MONOMER,"['BC-4.3.A.1.m', 'BC-5.5.7', 'BC-6.1']","['transport -> Primary Active Transporters -> Pyrophosphate Bond (ATP; GTP; P2) Hydrolysis-driven Active Transporters -> The ATP-binding Cassette (ABC) Superfamily + ABC-type Uptake Permeases -> ABC superfamily, membrane component', 'cell processes -> adaptations -> Fe aquisition', 'cell structure -> membrane']",['ABC-9-RXN'],metal transport
EG10289,b4288,fecD,ABC-9-CPLX,,,FECD-MONOMER,"['BC-4.3.A.1.m', 'BC-6.1']","['transport -> Primary Active Transporters -> Pyrophosphate Bond (ATP; GTP; P2) Hydrolysis-driven Active Transporters -> The ATP-binding Cassette (ABC) Superfamily + ABC-type Uptake Permeases -> ABC superfamily, membrane component', 'cell structure -> membrane']",['ABC-9-RXN'],metal transport
EG10290,b4287,fecE,ABC-9-CPLX,,,FECE-MONOMER,"['BC-4.3.A.1.a', 'BC-5.5.7']","['transport -> Primary Active Transporters -> Pyrophosphate Bond (ATP; GTP; P2) Hydrolysis-driven Active Transporters -> The ATP-binding Cassette (ABC) Superfamily + ABC-type Uptake Permeases -> ABC superfamily ATP binding cytoplasmic component', 'cell processes -> adaptations -> Fe aquisition']",['ABC-9-RXN'],metal transport
EG10293,b0584,fepA,CPLX0-1941,,,EG10293-MONOMER,"['BC-4.1.B', 'BC-5.5.7', 'BC-8.4']","['transport -> Channel-type Transporters -> Beta barrel porins (The Outer Membrane Porin (OMP) Functional Superfamily)', 'cell processes -> adaptations -> Fe aquisition', 'extrachromosomal -> colicin related']",['RXN0-1682'],metal transport
EG10294,b0592,fepB,ABC-10-CPLX,,,FEPB-MONOMER,"['BC-4.3.A.1.p', 'BC-5.5.7']","['transport -> Primary Active Transporters -> Pyrophosphate Bond (ATP; GTP; P2) Hydrolysis-driven Active Transporters -> The ATP-binding Cassette (ABC) Superfamily + ABC-type Uptake Permeases -> ABC superfamily, periplasmic binding component', 'cell processes -> adaptations -> Fe aquisition']",['ABC-10-RXN'],metal transport
EG10295,b0588,fepC,ABC-10-CPLX,,,FEPC-MONOMER,"['BC-4.3.A.1.a', 'BC-5.5.7']","['transport -> Primary Active Transporters -> Pyrophosphate Bond (ATP; GTP; P2) Hydrolysis-driven Active Transporters -> The ATP-binding Cassette (ABC) Superfamily + ABC-type Uptake Permeases -> ABC superfamily ATP binding cytoplasmic component', 'cell processes -> adaptations -> Fe aquisition']",['ABC-10-RXN'],metal transport
EG10296,b0590,fepD,ABC-10-CPLX,,,FEPD-MONOMER,"['BC-4.3.A.1.m', 'BC-5.5.7', 'BC-6.1']","['transport -> Primary Active Transporters -> Pyrophosphate Bond (ATP; GTP; P2) Hydrolysis-driven Active Transporters -> The ATP-binding Cassette (ABC) Superfamily + ABC-type Uptake Permeases -> ABC superfamily, membrane component', 'cell processes -> adaptations -> Fe aquisition', 'cell structure -> membrane']",['ABC-10-RXN'],metal transport
EG10298,b0589,fepG,ABC-10-CPLX,,,FEPG-MONOMER,"['BC-4.3.A.1.m', 'BC-5.5.7', 'BC-6.1']","['transport -> Primary Active Transporters -> Pyrophosphate Bond (ATP; GTP; P2) Hydrolysis-driven Active Transporters -> The ATP-binding Cassette (ABC) Superfamily + ABC-type Uptake Permeases -> ABC superfamily, membrane component', 'cell processes -> adaptations -> Fe aquisition', 'cell structure -> membrane']",['ABC-10-RXN'],metal transport
EG10302,b0150,fhuA,CPLX0-1942,,,EG10302-MONOMER,"['BC-4.1.B', 'BC-8.1', 'BC-8.4']","['transport -> Channel-type Transporters -> Beta barrel porins (The Outer Membrane Porin (OMP) Functional Superfamily)', 'extrachromosomal -> prophage genes and phage related functions', 'extrachromosomal -> colicin related']",['RXN0-1701'],metal transport
EG10303,b0153,fhuB,ABC-11-CPLX,,,FHUB-MONOMER,"['BC-4.3.A.1.m', 'BC-5.5.7', 'BC-6.1']","['transport -> Primary Active Transporters -> Pyrophosphate Bond (ATP; GTP; P2) Hydrolysis-driven Active Transporters -> The ATP-binding Cassette (ABC) Superfamily + ABC-type Uptake Permeases -> ABC superfamily, membrane component', 'cell processes -> adaptations -> Fe aquisition', 'cell structure -> membrane']","['ABC-11-RXN', 'TRANS-RXN-297', 'TRANS-RXN-298']",metal transport
EG10304,b0151,fhuC,ABC-11-CPLX,,,FHUC-MONOMER,"['BC-4.3.A.1.a', 'BC-5.5.7']","['transport -> Primary Active Transporters -> Pyrophosphate Bond (ATP; GTP; P2) Hydrolysis-driven Active Transporters -> The ATP-binding Cassette (ABC) Superfamily + ABC-type Uptake Permeases -> ABC superfamily ATP binding cytoplasmic component', 'cell processes -> adaptations -> Fe aquisition']","['ABC-11-RXN', 'TRANS-RXN-297', 'TRANS-RXN-298']",metal transport
EG10305,b0152,fhuD,ABC-11-CPLX,,,FHUD-MONOMER,"['BC-4.3.A.1.p', 'BC-5.5.7']","['transport -> Primary Active Transporters -> Pyrophosphate Bond (ATP; GTP; P2) Hydrolysis-driven Active Transporters -> The ATP-binding Cassette (ABC) Superfamily + ABC-type Uptake Permeases -> ABC superfamily, periplasmic binding component', 'cell processes -> adaptations -> Fe aquisition']","['ABC-11-RXN', 'TRANS-RXN-297', 'TRANS-RXN-298']",metal transport
EG10306,b1102,fhuE,CPLX0-7952,,,EG10306-MONOMER,"['BC-1.7.19', 'BC-4.1.B', 'BC-5.5.7']","['metabolism -> central intermediary metabolism -> incorporation of metal ions', 'transport -> Channel-type Transporters -> Beta barrel porins (The Outer Membrane Porin (OMP) Functional Superfamily)', 'cell processes -> adaptations -> Fe aquisition']",['RXN0-1702'],metal transport
G6414,b0805,fiu,CPLX0-8541,,,G6414-MONOMER,"['BC-4.1.B', 'BC-5.5.7']","['transport -> Channel-type Transporters -> Beta barrel porins (The Outer Membrane Porin (OMP) Functional Superfamily)', 'cell processes -> adaptations -> Fe aquisition']",['RXN0-1721'],metal transport
G7309,b2492,focB,FOCB-MONOMER,,,FOCB-MONOMER,"['BC-4.2.A', 'BC-6.1']","['transport -> Electrochemical potential driven transporters -> Porters (Uni-, Sym- and Antiporters)', 'cell structure -> membrane']",['TRANS-RXN-1'],formate transport
EG12908,b3370,frlA,YHFM-MONOMER,,,YHFM-MONOMER,"['BC-4.2.A', 'BC-6.1']","['transport -> Electrochemical potential driven transporters -> Porters (Uni-, Sym- and Antiporters)', 'cell structure -> membrane']","['TRANS-RXN0-418', 'TRANS-RXN0-417']",psicoselysine transport? carbon source
EG10336,b2167,fruA,CPLX-158,,,FRUA-MONOMER,"['BC-1.1.1', 'BC-4.4.A', 'BC-6.1']","['metabolism -> carbon utilization -> carbon compounds', 'transport -> Group Translocators -> Phosphotransferase Systems (PEP-dependent PTS)', 'cell structure -> membrane']","['TRANS-RXN0-582', 'TRANS-RXN0-618', 'TRANS-RXN-158']",fructose transport (pts)
G7990,b2169,fruB,CPLX-158,,,"['MONOMER0-4306', 'FRUB-MONOMER']","['BC-1.1.1', 'BC-4.4.A']","['metabolism -> carbon utilization -> carbon compounds', 'transport -> Group Translocators -> Phosphotransferase Systems (PEP-dependent PTS)']","['TRANS-RXN0-582', 'TRANS-RXN0-618', 'TRANS-RXN-158']",fructose transport (pts)
EG10337,b2168,fruK,1-PFK,PWY0-1314,Sugars-And-Polysaccharides-Degradation,1-PFK-MONOMER,BC-1.3,"['metabolism -> energy metabolism, carbon']",['1PFRUCTPHOSN-RXN'],fructose met
G6428,b0825,fsaA,CPLX0-201,,,G6428-MONOMER,BC-1,['metabolism'],['RXN0-313'],galactarate metabolism
EG11905,b3946,fsaB,CPLX0-8584,,,EG11905-MONOMER,BC-1,['metabolism'],['RXN0-313'],galactarate metabolism
EG10341,b0084,ftsI,EG10341-MONOMER,PWY0-1586,Peptidoglycan-Biosynthesis,EG10341-MONOMER,"['BC-1.6.7', 'BC-5.1', 'BC-5.6.4', 'BC-6.2']","['metabolism -> biosynthesis of macromolecules (cellular constituents) -> murein (peptidoglycan)', 'cell processes -> cell division', 'cell processes -> protection -> drug resistance/sensitivity', 'cell structure -> murein']",['RXN-16659'],"peptidoglycan syn, antibiotic target"
EG11319,b1236,galU,CPLX0-8205,PWY-7343,UDP-Sugar-Biosynthesis,GLUC1PURIDYLTRANS-MONOMER,"['BC-1.1.1', 'BC-1.6.2', 'BC-1.7.7', 'BC-1.7.9', 'BC-5.5.5', 'BC-6.7']","['metabolism -> carbon utilization -> carbon compounds', 'metabolism -> biosynthesis of macromolecules (cellular constituents) -> colanic acid (M antigen)', 'metabolism -> central intermediary metabolism -> galactose metabolism', 'metabolism -> central intermediary metabolism -> misc. glucose metabolism', 'cell processes -> adaptations -> dessication', 'cell structure -> capsule (M and K antigens)']",['GLUC1PURIDYLTRANS-RXN'],"galactose deg, cell envelope biosyn"
EG12522,b3128,garD,CPLX0-8537,GALACTARDEG-PWY,D-Galactarate-Degradation,GALACTARDEHYDRA-MONOMER,BC-1.1.1,['metabolism -> carbon utilization -> carbon compounds'],['GALACTARDEHYDRA-RXN'],"glycol met, glyoxylate shuttle"
EG12760,b3127,garP,YHAU-MONOMER,,,YHAU-MONOMER,"['BC-1.1.1', 'BC-4.2.A', 'BC-6.1']","['metabolism -> carbon utilization -> carbon compounds', 'transport -> Electrochemical potential driven transporters -> Porters (Uni-, Sym- and Antiporters)', 'cell structure -> membrane']","['TRANS-RXN0-204', 'TRANS-RXN0-203', 'TRANS-RXN0-523']","phosphate utilization, glycerol-phosphate uptake"
EG10369,b0124,gcd,GLUCDEHYDROG-MONOMER,GLUCOSE1PMETAB-PWY,Sugars-And-Polysaccharides-Degradation,GLUCDEHYDROG-MONOMER,"['BC-1.1.1', 'BC-1.4.1', 'BC-1.7.9', 'BC-6.1']","['metabolism -> carbon utilization -> carbon compounds', 'metabolism -> energy production/transport -> electron donors', 'metabolism -> central intermediary metabolism -> misc. glucose metabolism', 'cell structure -> membrane']",['RXN0-6373'],unknown glucose-related function
EG20080,b2976,glcB,MALSYNG-MONOMER,GLYOXDEG-PWY,Glycolate-Degradation,MALSYNG-MONOMER,"['BC-1.1.1', 'BC-1.7.21']","['metabolism -> carbon utilization -> carbon compounds', 'metabolism -> central intermediary metabolism -> glyoxylate degradation']",['MALSYN-RXN'],glutamate transport
EG10401,b2240,glpT,GLPT-MONOMER,,,GLPT-MONOMER,"['BC-1.3.6', 'BC-1.3.7', 'BC-1.5.4', 'BC-1.7.6', 'BC-4.2.A', 'BC-6.1']","['metabolism -> energy metabolism, carbon -> aerobic respiration', 'metabolism -> energy metabolism, carbon -> anaerobic respiration', 'metabolism -> biosynthesis of building blocks -> fatty acids and phosphatidic acid', 'metabolism -> central intermediary metabolism -> misc. glycerol metabolism', 'transport -> Electrochemical potential driven transporters -> Porters (Uni-, Sym- and Antiporters)', 'cell structure -> membrane']",['TRANS-RXN-22'],gluconate transport
EG10406,b3653,gltS,GLTS-MONOMER,,,GLTS-MONOMER,"['BC-1.5.1.1', 'BC-1.5.1.5', 'BC-4.2.A', 'BC-6.1']","['metabolism -> biosynthesis of building blocks -> amino acids -> glutamate', 'metabolism -> biosynthesis of building blocks -> amino acids -> aspartate', 'transport -> Electrochemical potential driven transporters -> Porters (Uni-, Sym- and Antiporters)', 'cell structure -> membrane']",['TRANS-RXN-122'],gluconate transport
EG11787,b2053,gmd,GDPMANDEHYDRA-CPLX,PWY-66,GDP-Sugar-Biosynthesis,GDPMANDEHYDRA-MONOMER,"['BC-1.5.3.7', 'BC-1.6.2', 'BC-5.5.5', 'BC-6.3', 'BC-6.7']","['metabolism -> biosynthesis of building blocks -> cofactors, small molecule carriers -> nicotinamide adenine dinucleotide', 'metabolism -> biosynthesis of macromolecules (cellular constituents) -> colanic acid (M antigen)', 'cell processes -> adaptations -> dessication', 'cell structure -> surface antigens (ECA, O antigen of LPS)', 'cell structure -> capsule (M and K antigens)']",['GDPMANDEHYDRA-RXN'],cell wall biosyn
EG11789,b2051,gmm,CPLX0-7712,,,GDPMANMANHYDRO-MONOMER,"['BC-1.6.2', 'BC-1.7.10']","['metabolism -> biosynthesis of macromolecules (cellular constituents) -> colanic acid (M antigen)', 'metabolism -> central intermediary metabolism -> sugar nucleotide biosynthesis, conversions']","['GDPMANMANHYDRO-RXN', 'GDP-GLUCOSIDASE-RXN']",cell wall biosyn
EG12380,b3415,gntT,GNTT-MONOMER,,,GNTT-MONOMER,"['BC-4.2.A', 'BC-6.1']","['transport -> Electrochemical potential driven transporters -> Porters (Uni-, Sym- and Antiporters)', 'cell structure -> membrane']",['TRANS-RXN0-209'],putative sugar transport
EG12631,b3435,gntU,GNTU-MONOMER,,,GNTU-MONOMER,"['BC-4.2.A', 'BC-6.1']","['transport -> Electrochemical potential driven transporters -> Porters (Uni-, Sym- and Antiporters)', 'cell structure -> membrane']",['TRANS-RXN0-209'],putative sugar transport
EG11871,b3385,gph,GPH-MONOMER,,,GPH-MONOMER,BC-2.1.4,['information transfer -> DNA related -> DNA repair'],['GPH-RXN'],dsb repair byproduct recovery
EG10417,b0849,grxA,RED-GLUTAREDOXIN,"['PWY-4621-1', 'GLUT-REDOX-PWY', 'PWY-7870']","['Arsenate-Detoxification', 'Reductants', 'CYSTEINE-SYN']","['GLUTAREDOXIN-MONOMER', 'RED-GLUTAREDOXIN']",BC-1.6.15.2,"['metabolism -> biosynthesis of macromolecules (cellular constituents) -> large molecule carriers -> thioredoxin, glutaredoxin']","['PRODISULFREDUCT-RXN', 'RXN0-7271', 'RXN-19629', 'RXN-18586']",disulfide reduction
EG12294,b3610,grxC,GRXC-MONOMER,"['PWY-4621-1', 'GLUT-REDOX-PWY', 'PWY-7870']","['Arsenate-Detoxification', 'Reductants', 'CYSTEINE-SYN']","['OX-GLUTAREDOXIN-C', 'GRXC-MONOMER']",BC-1.6.15.2,"['metabolism -> biosynthesis of macromolecules (cellular constituents) -> large molecule carriers -> thioredoxin, glutaredoxin']","['PRODISULFREDUCT-RXN', 'RXN0-7271']",mysterious disulfide reduction
G7445,b2787,gudD,GLUCARDEHYDRA-MONOMER,GLUCARDEG-PWY,D-Glucarate-Degradation,GLUCARDEHYDRA-MONOMER,BC-1.1.1,['metabolism -> carbon utilization -> carbon compounds'],"['GLUCARDEHYDRA-RXN', 'RXN0-5285']",3-phenylpropanoate metabolism
G7447,b2789,gudP,B2789-MONOMER,,,B2789-MONOMER,"['BC-1.1.1', 'BC-4.2.A', 'BC-6.1']","['metabolism -> carbon utilization -> carbon compounds', 'transport -> Electrochemical potential driven transporters -> Porters (Uni-, Sym- and Antiporters)', 'cell structure -> membrane']","['TRANS-RXN0-204', 'TRANS-RXN0-203', 'TRANS-RXN0-523']",3-phenylpropanoate metabolism
G7335,b2541,hcaB,PHENPRODIOLDEHYDROG-MONOMER,"['PWY-6690', 'HCAMHPDEG-PWY']","['Phenolic-Compounds-Degradation', 'Phenolic-Compounds-Degradation']",PHENPRODIOLDEHYDROG-MONOMER,BC-1.1.1,['metabolism -> carbon utilization -> carbon compounds'],"['RXN-12071', 'PHENPRODIOLDEHYDROG-RXN']",3-phenylpropanoate metabolism
G7334,b2540,hcaC,HCAMULTI-CPLX,"['PWY-6690', 'HCAMHPDEG-PWY']","['Phenolic-Compounds-Degradation', 'Phenolic-Compounds-Degradation']",HCAC-MONOMER,BC-1.1.1,['metabolism -> carbon utilization -> carbon compounds'],"['RXN-12072', 'HCAMULTI-RXN']",3-phenylpropanoate metabolism
G7336,b2542,hcaD,HCAMULTI-CPLX,"['PWY-6690', 'HCAMHPDEG-PWY']","['Phenolic-Compounds-Degradation', 'Phenolic-Compounds-Degradation']",HCAD-MONOMER,BC-1.1.1,['metabolism -> carbon utilization -> carbon compounds'],"['RXN-12072', 'HCAMULTI-RXN']",3-phenylpropanoate metabolism
M009,b2538,hcaE,HCAMULTI-CPLX,"['PWY-6690', 'HCAMHPDEG-PWY']","['Phenolic-Compounds-Degradation', 'Phenolic-Compounds-Degradation']",PHENYLPRODIOXY-MONOMER,BC-1.1.1,['metabolism -> carbon utilization -> carbon compounds'],"['RXN-12072', 'HCAMULTI-RXN']",3-phenylpropanoate metabolism
M015,b2539,hcaF,HCAMULTI-CPLX,"['PWY-6690', 'HCAMHPDEG-PWY']","['Phenolic-Compounds-Degradation', 'Phenolic-Compounds-Degradation']",HCAA2-MONOMER,BC-1.1.1,['metabolism -> carbon utilization -> carbon compounds'],"['RXN-12072', 'HCAMULTI-RXN']","Hydrogen cycling/oxidation for energy, important for low-O2 conditions"
G7330,b2536,hcaT,HCAT-MONOMER,,,HCAT-MONOMER,"['BC-4.2.A', 'BC-6.1']","['transport -> Electrochemical potential driven transporters -> Porters (Uni-, Sym- and Antiporters)', 'cell structure -> membrane']",['TRANS-RXN0-282'],"Hydrogen cycling/oxidation for energy, important for low-O2 conditions"
G6457,b0873,hcp,G6457-MONOMER,,,G6457-MONOMER,BC-1.8.3,['metabolism -> metabolism of other compounds -> nitrogen metabolism'],['HYDROXYLAMINE-REDUCTASE-RXN'],nitric oxide toxicity (pathogen resistance?)
G6456,b0872,hcr,G6456-MONOMER,,,G6456-MONOMER,BC-1,['metabolism'],['RXN0-307'],nitric oxide toxicity (pathogen resistance?)
EG10431,b0475,hemH,PROTOHEME-FERROCHELAT-MONOMER,"['HEMESYN2-PWY', 'HEME-BIOSYNTHESIS-II-1']","['Heme-b-Biosynthesis', 'Heme-b-Biosynthesis']",PROTOHEME-FERROCHELAT-MONOMER,BC-1.5.3.12,"['metabolism -> biosynthesis of building blocks -> cofactors, small molecule carriers -> heme, porphyrine']",['PROTOHEMEFERROCHELAT-RXN'],heme biosynthesis
EG10456,b2552,hmp,EG10456-MONOMER,,,EG10456-MONOMER,BC-1.7.1,['metabolism -> central intermediary metabolism -> unassigned reversible reactions'],"['R621-RXN', '1.5.1.34-RXN']",nitric oxide toxicity (pathogen resistance?)
G6932,b1727,hxpB,G6932-MONOMER,,,G6932-MONOMER,BC-5.6.2,['cell processes -> protection -> detoxification'],"['SORBITOL-6-PHOSPHATASE-RXN', 'MANNITOL-1-PHOSPHATASE-RXN', '3.1.3.68-RXN']","sugar related phosphatase, unknown function"
EG10468,b0972,hyaA,CPLX0-8167,,,HYAA-MONOMER,"['BC-1.3.6', 'BC-1.3.7', 'BC-1.4.1']","['metabolism -> energy metabolism, carbon -> aerobic respiration', 'metabolism -> energy metabolism, carbon -> anaerobic respiration', 'metabolism -> energy production/transport -> electron donors']","['RXN0-5256', 'RXN-16420']","Hydrogen cycling/oxidation for energy, important for low-O2 conditions"
EG10469,b0973,hyaB,CPLX0-8167,,,HYAB-MONOMER,"['BC-1.3.6', 'BC-1.3.7', 'BC-1.4.1']","['metabolism -> energy metabolism, carbon -> aerobic respiration', 'metabolism -> energy metabolism, carbon -> anaerobic respiration', 'metabolism -> energy production/transport -> electron donors']","['RXN0-5256', 'RXN-16420']","Hydrogen cycling/oxidation for energy, important for low-O2 conditions"
EG10470,b0974,hyaC,CPLX0-8167,,,HYAC-MONOMER,"['BC-1.3.6', 'BC-1.3.7', 'BC-1.4.1', 'BC-1.6.15.1', 'BC-6.1']","['metabolism -> energy metabolism, carbon -> aerobic respiration', 'metabolism -> energy metabolism, carbon -> anaerobic respiration', 'metabolism -> energy production/transport -> electron donors', 'metabolism -> biosynthesis of macromolecules (cellular constituents) -> large molecule carriers -> cytochromes', 'cell structure -> membrane']","['RXN0-5256', 'RXN-16420']","Hydrogen cycling/oxidation for energy, important for low-O2 conditions"
EG11799,b2996,hybA,CPLX0-8762,"['PWY0-1576', 'PWY0-1577', 'PWY0-1578']","['ANAEROBIC-RESPIRATION', 'Electron-Transfer', 'ANAEROBIC-RESPIRATION', 'Electron-Transfer', 'ANAEROBIC-RESPIRATION', 'Electron-Transfer']",HYBA-MONOMER,BC-1.4.1,['metabolism -> energy production/transport -> electron donors'],['RXN0-7399'],"Hydrogen cycling/oxidation for energy, important for low-O2 conditions"
EG11800,b2995,hybB,CPLX0-8762,"['PWY0-1576', 'PWY0-1577', 'PWY0-1578']","['ANAEROBIC-RESPIRATION', 'Electron-Transfer', 'ANAEROBIC-RESPIRATION', 'Electron-Transfer', 'ANAEROBIC-RESPIRATION', 'Electron-Transfer']",EG11800-MONOMER,"['BC-1.3.7', 'BC-1.4.1', 'BC-1.6.15.1', 'BC-6.1']","['metabolism -> energy metabolism, carbon -> anaerobic respiration', 'metabolism -> energy production/transport -> electron donors', 'metabolism -> biosynthesis of macromolecules (cellular constituents) -> large molecule carriers -> cytochromes', 'cell structure -> membrane']",['RXN0-7399'],"Hydrogen cycling/oxidation for energy, important for low-O2 conditions"
EG11801,b2994,hybC,CPLX0-8762,"['PWY0-1576', 'PWY0-1577', 'PWY0-1578']","['ANAEROBIC-RESPIRATION', 'Electron-Transfer', 'ANAEROBIC-RESPIRATION', 'Electron-Transfer', 'ANAEROBIC-RESPIRATION', 'Electron-Transfer']",HYBC-MONOMER,"['BC-1.3.7', 'BC-1.4.1']","['metabolism -> energy metabolism, carbon -> anaerobic respiration', 'metabolism -> energy production/transport -> electron donors']",['RXN0-7399'],Idonate/gluconate transport
G7554,b2997,hybO,CPLX0-8762,"['PWY0-1576', 'PWY0-1577', 'PWY0-1578']","['ANAEROBIC-RESPIRATION', 'Electron-Transfer', 'ANAEROBIC-RESPIRATION', 'Electron-Transfer', 'ANAEROBIC-RESPIRATION', 'Electron-Transfer']",MONOMER0-145,"['BC-1.3.7', 'BC-1.4.1']","['metabolism -> energy metabolism, carbon -> anaerobic respiration', 'metabolism -> energy production/transport -> electron donors']",['RXN0-7399'],KDG transport
EG12539,b4265,idnT,YJGT-MONOMER,,,YJGT-MONOMER,"['BC-4.2.A', 'BC-6.1']","['transport -> Electrochemical potential driven transporters -> Porters (Uni-, Sym- and Antiporters)', 'cell structure -> membrane']","['TRANS-RXN0-228', 'TRANS-RXN0-209', 'TRANS-RXN-181A']",alpha-kg transport
G7324,b2529,iscU,G7324-MONOMER,,,G7324-MONOMER,"['BC-1.5.3', 'BC-1.8.2', 'BC-2.3.3']","['metabolism -> biosynthesis of building blocks -> cofactors, small molecule carriers', 'metabolism -> metabolism of other compounds -> sulfur metabolism', 'information transfer -> protein related -> posttranslational modification']",['RXN-14381'],Iron-sulfur cluster assembly
EG11869,b3909,kdgT,KDGT-MONOMER,,,KDGT-MONOMER,"['BC-1.1.1', 'BC-4.2.A', 'BC-6.1']","['metabolism -> carbon utilization -> carbon compounds', 'transport -> Electrochemical potential driven transporters -> Porters (Uni-, Sym- and Antiporters)', 'cell structure -> membrane']",['TRANS-RXN-113'],Galactonate metabolism
EG10522,b2587,kgtP,KGTP-MONOMER,,,KGTP-MONOMER,"['BC-1.1.1', 'BC-4.2.A', 'BC-6.1']","['metabolism -> carbon utilization -> carbon compounds', 'transport -> Electrochemical potential driven transporters -> Porters (Uni-, Sym- and Antiporters)', 'cell structure -> membrane']",['TRANS-RXN-23'],Galactonate metabolism
EG10528,b4036,lamB,CPLX0-7655,,,EG10528-MONOMER,"['BC-4.1.B', 'BC-8.1']","['transport -> Channel-type Transporters -> Beta barrel porins (The Outer Membrane Porin (OMP) Functional Superfamily)', 'extrachromosomal -> prophage genes and phage related functions']","['RXN0-1741', 'RXN0-1804']",outer membrane generic sugar/ion transport. lambda receptor
G6621,b1192,ldcA,CPLX0-8616,"['PWY0-1546', 'PWY0-1261']","['Polymer-Degradation', 'Anhydromuropeptides-Recycling']",G6621-MONOMER,"['BC-1.2.3', 'BC-1.7.34', 'BC-6.2']","['metabolism -> degradation of macromolecules -> proteins/peptides/glycopeptides', 'metabolism -> central intermediary metabolism -> murein turnover, recycling', 'cell structure -> murein']","['RXN0-5227', 'RXN0-2061']",Murein (wall) recycling
G7073,b1990,ldtA,G7073-MONOMER,,,G7073-MONOMER,BC-1.6.7,['metabolism -> biosynthesis of macromolecules (cellular constituents) -> murein (peptidoglycan)'],['RXN0-5401'],Cell wall construction
G6904,b1678,ldtE,G6904-MONOMER,PWY0-1586,Peptidoglycan-Biosynthesis,G6904-MONOMER,BC-1.6.7,['metabolism -> biosynthesis of macromolecules (cellular constituents) -> murein (peptidoglycan)'],['RXN-16660'],Cell wall maturation
G7945,b4358,lgoD,G7945-MONOMER,PWY0-1306,Aldonate-Degradation,G7945-MONOMER,BC-1.1.1,['metabolism -> carbon utilization -> carbon compounds'],['RXN0-5229'],maltose transport
EG12587,b4356,lgoT,YJIZ-MONOMER,,,YJIZ-MONOMER,"['BC-4.2.A', 'BC-6.1']","['transport -> Electrochemical potential driven transporters -> Porters (Uni-, Sym- and Antiporters)', 'cell structure -> membrane']",['TRANS-RXN0-227'],maltose transport
EG12455,b2835,lplT,EG12455-MONOMER,,,EG12455-MONOMER,"['BC-4', 'BC-5.6']","['transport', 'cell processes -> protection']","['TRANS-RXN-294', 'TRANS-RXN-295', 'TRANS-RXN-387']",transport for recycling of membrane components
EG10554,b4034,malE,ABC-16-CPLX,,,MALE-MONOMER,"['BC-4.3.A.1.p', 'BC-5.3']","['transport -> Primary Active Transporters -> Pyrophosphate Bond (ATP; GTP; P2) Hydrolysis-driven Active Transporters -> The ATP-binding Cassette (ABC) Superfamily + ABC-type Uptake Permeases -> ABC superfamily, periplasmic binding component', 'cell processes -> motility, chemotaxis, energytaxis (aerotaxis, redoxtaxis etc)']","['ABC-16-RXN', 'TRANS-RXN0-504', 'TRANS-RXN0-503']",maltose transport
EG10555,b4033,malF,ABC-16-CPLX,,,MALF-MONOMER,"['BC-1.1.1', 'BC-4.3.A.1.m', 'BC-6.1']","['metabolism -> carbon utilization -> carbon compounds', 'transport -> Primary Active Transporters -> Pyrophosphate Bond (ATP; GTP; P2) Hydrolysis-driven Active Transporters -> The ATP-binding Cassette (ABC) Superfamily + ABC-type Uptake Permeases -> ABC superfamily, membrane component', 'cell structure -> membrane']","['ABC-16-RXN', 'TRANS-RXN0-504', 'TRANS-RXN0-503']",maltose transport
EG10556,b4032,malG,ABC-16-CPLX,,,MALG-MONOMER,"['BC-1.1.1', 'BC-4.3.A.1.m', 'BC-6.1']","['metabolism -> carbon utilization -> carbon compounds', 'transport -> Primary Active Transporters -> Pyrophosphate Bond (ATP; GTP; P2) Hydrolysis-driven Active Transporters -> The ATP-binding Cassette (ABC) Superfamily + ABC-type Uptake Permeases -> ABC superfamily, membrane component', 'cell structure -> membrane']","['ABC-16-RXN', 'TRANS-RXN0-504', 'TRANS-RXN0-503']",facilitated diffusion sugars
EG10558,b4035,malK,ABC-16-CPLX,,,MALK-MONOMER,"['BC-1.1.1', 'BC-4.3.A.1.a']","['metabolism -> carbon utilization -> carbon compounds', 'transport -> Primary Active Transporters -> Pyrophosphate Bond (ATP; GTP; P2) Hydrolysis-driven Active Transporters -> The ATP-binding Cassette (ABC) Superfamily + ABC-type Uptake Permeases -> ABC superfamily ATP binding cytoplasmic component']","['ABC-16-RXN', 'TRANS-RXN0-504', 'TRANS-RXN0-503']",melibiose metabolism
EG10563,b1621,malX,MALX-MONOMER,,,MALX-MONOMER,"['BC-1.1.1', 'BC-4.4.A']","['metabolism -> carbon utilization -> carbon compounds', 'transport -> Group Translocators -> Phosphotransferase Systems (PEP-dependent PTS)']","['TRANS-RXN0-575', 'TRANS-RXN0-574']",melibiose transport
EG10577,b4119,melA,ALPHAGALACTOSID-CPLX,PWY0-1301,Sugars-And-Polysaccharides-Degradation,ALPHAGALACTOSID-MONOMER,BC-1.1.1,['metabolism -> carbon utilization -> carbon compounds'],"['ALPHAGALACTOSID-RXN', 'RXN-17754']",galactose active transport
EG10578,b4120,melB,MELB-MONOMER,,,MELB-MONOMER,"['BC-1.1.1', 'BC-4.2.A', 'BC-6.1']","['metabolism -> carbon utilization -> carbon compounds', 'transport -> Electrochemical potential driven transporters -> Porters (Uni-, Sym- and Antiporters)', 'cell structure -> membrane']","['TRANS-RXN-94', 'RXN-17755', 'TRANS-RXN-94B', 'TRANS-RXN-94A', 'TRANS-RXN0-520', 'TRANS-RXN0-519']",galactose active transport
EG10580,b2328,mepA,CPLX0-3201,,,EG10580-MONOMER,"['BC-1.6.7', 'BC-5.6.4', 'BC-6.2']","['metabolism -> biosynthesis of macromolecules (cellular constituents) -> murein (peptidoglycan)', 'cell processes -> protection -> drug resistance/sensitivity', 'cell structure -> murein']","['RXN0-5407', 'RXN0-3461']",cell wall crosslink degradation
EG10592,b2149,mglA,ABC-18-CPLX,,,MGLA-MONOMER,"['BC-1.1.1', 'BC-4.3.A.1.a']","['metabolism -> carbon utilization -> carbon compounds', 'transport -> Primary Active Transporters -> Pyrophosphate Bond (ATP; GTP; P2) Hydrolysis-driven Active Transporters -> The ATP-binding Cassette (ABC) Superfamily + ABC-type Uptake Permeases -> ABC superfamily ATP binding cytoplasmic component']","['ABC-18-RXN', 'TRANS-RXN0-541']",galactose active transport
EG10593,b2150,mglB,ABC-18-CPLX,,,MGLB-MONOMER,"['BC-1.1.1', 'BC-2.3.4', 'BC-4.3.A.1.p']","['metabolism -> carbon utilization -> carbon compounds', 'information transfer -> protein related -> chaperoning, repair (refolding)', 'transport -> Primary Active Transporters -> Pyrophosphate Bond (ATP; GTP; P2) Hydrolysis-driven Active Transporters -> The ATP-binding Cassette (ABC) Superfamily + ABC-type Uptake Permeases -> ABC superfamily, periplasmic binding component']","['ABC-18-RXN', 'TRANS-RXN0-541']",3-phenylpropanoate metabolism
EG10594,b2148,mglC,ABC-18-CPLX,,,MGLC-MONOMER,"['BC-1.1.1', 'BC-4.3.A.1.m', 'BC-6.1']","['metabolism -> carbon utilization -> carbon compounds', 'transport -> Primary Active Transporters -> Pyrophosphate Bond (ATP; GTP; P2) Hydrolysis-driven Active Transporters -> The ATP-binding Cassette (ABC) Superfamily + ABC-type Uptake Permeases -> ABC superfamily, membrane component', 'cell structure -> membrane']","['ABC-18-RXN', 'TRANS-RXN0-541']",3-phenylpropanoate metabolism
M010,b0347,mhpA,MHPHYDROXY-MONOMER,"['HCAMHPDEG-PWY', 'PWY-6690']","['Phenolic-Compounds-Degradation', 'Phenolic-Compounds-Degradation']",MHPHYDROXY-MONOMER,BC-1.1.1,['metabolism -> carbon utilization -> carbon compounds'],"['MHPHYDROXY-RXN', 'RXN-10040']",3-phenylpropanoate metabolism
M011,b0348,mhpB,DHPDIOXYGEN-CPLX,"['HCAMHPDEG-PWY', 'PWY-6690']","['Phenolic-Compounds-Degradation', 'Phenolic-Compounds-Degradation']",DHPDIOXYGEN-MONOMER,BC-1.1.2,['metabolism -> carbon utilization -> fatty acids'],"['1.13.11.16-RXN', 'RXN-12073']",3-phenylpropanoate transport
M012,b0349,mhpC,CPLX0-7950,"['HCAMHPDEG-PWY', 'PWY-6690']","['Phenolic-Compounds-Degradation', 'Phenolic-Compounds-Degradation']",MHPCHYDROL-MONOMER,BC-1.1.1,['metabolism -> carbon utilization -> carbon compounds'],"['MHPCHYDROL-RXN', 'RXN-12070']",S-methylmethionine transport
G6206,b0353,mhpT,MHPT-MONOMER,,,MHPT-MONOMER,"['BC-1.1.2', 'BC-4.2.A', 'BC-6.1']","['metabolism -> carbon utilization -> fatty acids', 'transport -> Electrochemical potential driven transporters -> Porters (Uni-, Sym- and Antiporters)', 'cell structure -> membrane']","['TRANS-RXN0-457', 'TRANS-RXN-61']",mannitol PTS transport
G6135,b0260,mmuP,B0260-MONOMER,,,B0260-MONOMER,"['BC-1.5.1.9', 'BC-4.2.A', 'BC-6.1', 'BC-8.1']","['metabolism -> biosynthesis of building blocks -> amino acids -> methionine', 'transport -> Electrochemical potential driven transporters -> Porters (Uni-, Sym- and Antiporters)', 'cell structure -> membrane', 'extrachromosomal -> prophage genes and phage related functions']",['TRANS-RXN0-486'],nitrate reduction (low oxygen w nitrate)
EG11595,b0781,moaA,EG11595-MONOMER,PWY-6823,Molybdenum-Cofactor-Biosynthesis,EG11595-MONOMER,BC-1.5.3.4,"['metabolism -> biosynthesis of building blocks -> cofactors, small molecule carriers -> molybdenum']",['RXN-8340'],Molybdenum cofactor synthesis
EG11666,b0783,moaC,CPLX-8331,PWY-6823,Molybdenum-Cofactor-Biosynthesis,EG11666-MONOMER,BC-1.5.3.4,"['metabolism -> biosynthesis of building blocks -> cofactors, small molecule carriers -> molybdenum']",['RXN-17809'],Molybdenum cofactor synthesis
EG11597,b0784,moaD,CPLX0-2502,PWY-6823,Molybdenum-Cofactor-Biosynthesis,"['MONOMER0-4125', 'EG11597-MONOMER']",BC-1.5.3.4,"['metabolism -> biosynthesis of building blocks -> cofactors, small molecule carriers -> molybdenum']",['RXN-8342'],Molybdenum cofactor synthesis
EG11598,b0785,moaE,CPLX0-2502,PWY-6823,Molybdenum-Cofactor-Biosynthesis,EG11598-MONOMER,BC-1.5.3.4,"['metabolism -> biosynthesis of building blocks -> cofactors, small molecule carriers -> molybdenum']",['RXN-8342'],Molybdenum cofactor synthesis
EG11829,b3857,mobA,EG11829-MONOMER,"['PWY-5964', 'PWY-7639']","['Molybdenum-Cofactor-Biosynthesis', 'Molybdenum-Cofactor-Biosynthesis']",EG11829-MONOMER,BC-1.5.3.4,"['metabolism -> biosynthesis of building blocks -> cofactors, small molecule carriers -> molybdenum']","['RXN0-262', 'RXN-21601', 'RXN-16457', 'RXN-16456']",Molybdenum cofactor synthesis
G7496,b2877,mocA,G7496-MONOMER,PWY-6476,Molybdenum-Cofactor-Biosynthesis,G7496-MONOMER,BC-1.5.3.4,"['metabolism -> biosynthesis of building blocks -> cofactors, small molecule carriers -> molybdenum']",['RXN0-6254'],Molybdenum cofactor synthesis
EG10002,b0764,modB,ABC-19-CPLX,PWY-8171,Molybdenum-Cofactor-Biosynthesis,MODB-MONOMER,"['BC-4.3.A.1.m', 'BC-6.1']","['transport -> Primary Active Transporters -> Pyrophosphate Bond (ATP; GTP; P2) Hydrolysis-driven Active Transporters -> The ATP-binding Cassette (ABC) Superfamily + ABC-type Uptake Permeases -> ABC superfamily, membrane component', 'cell structure -> membrane']",['ABC-19-RXN'],Molybdenum cofactor synthesis
EG10152,b0765,modC,ABC-19-CPLX,PWY-8171,Molybdenum-Cofactor-Biosynthesis,MODC-MONOMER,"['BC-1.5.3.4', 'BC-4.3.A.1.a']","['metabolism -> biosynthesis of building blocks -> cofactors, small molecule carriers -> molybdenum', 'transport -> Primary Active Transporters -> Pyrophosphate Bond (ATP; GTP; P2) Hydrolysis-driven Active Transporters -> The ATP-binding Cassette (ABC) Superfamily + ABC-type Uptake Permeases -> ABC superfamily ATP binding cytoplasmic component']",['ABC-19-RXN'],Molybdenum cofactor synthesis
EG10153,b0827,moeA,CPLX0-8045,PWY-8171,Molybdenum-Cofactor-Biosynthesis,EG10153-MONOMER,BC-1.5.3.4,"['metabolism -> biosynthesis of building blocks -> cofactors, small molecule carriers -> molybdenum']","['RXN-21563', 'RXN-24141', 'RXN-24142', 'RXN-24143']",Molybdenum cofactor synthesis
EG10154,b0826,moeB,CPLX0-8164,PWY-6823,Molybdenum-Cofactor-Biosynthesis,EG10154-MONOMER,BC-1.5.3.4,"['metabolism -> biosynthesis of building blocks -> cofactors, small molecule carriers -> molybdenum']",['RXN-11361'],Molybdenum cofactor synthesis
EG11511,b0009,mog,CPLX0-8163,PWY-8171,Molybdenum-Cofactor-Biosynthesis,EG11511-MONOMER,BC-1.5.3.4,"['metabolism -> biosynthesis of building blocks -> cofactors, small molecule carriers -> molybdenum']",['RXN-8344'],Molybdenum cofactor synthesis
EG10748,b3396,mrcA,CPLX0-7717,"['PEPTIDOGLYCANSYN-PWY', 'PWY0-1586']","['Peptidoglycan-Biosynthesis', 'Super-Pathways', 'Peptidoglycan-Biosynthesis']",EG10748-MONOMER,"['BC-1.6.7', 'BC-5.1', 'BC-5.6.4', 'BC-6.2']","['metabolism -> biosynthesis of macromolecules (cellular constituents) -> murein (peptidoglycan)', 'cell processes -> cell division', 'cell processes -> protection -> drug resistance/sensitivity', 'cell structure -> murein']","['RXN-16650', 'RXN-16659', 'RXN-16649']",peptidoglycan synthesis (penicillin target)
EG10605,b0149,mrcB,CPLX0-3951,"['PEPTIDOGLYCANSYN-PWY', 'PWY0-1586']","['Peptidoglycan-Biosynthesis', 'Super-Pathways', 'Peptidoglycan-Biosynthesis']","['MONOMER0-4521', 'EG10605-MONOMER']","['BC-1.6.7', 'BC-1.7.12', 'BC-5.1', 'BC-5.6.4', 'BC-6.2']","['metabolism -> biosynthesis of macromolecules (cellular constituents) -> murein (peptidoglycan)', 'metabolism -> central intermediary metabolism -> amino sugar conversions', 'cell processes -> cell division', 'cell processes -> protection -> drug resistance/sensitivity', 'cell structure -> murein']","['RXN-16650', 'RXN-16659', 'RXN-16649']",peptidoglycan synthesis (penicillin target)
EG10606,b0635,mrdA,EG10606-MONOMER,PWY0-1586,Peptidoglycan-Biosynthesis,EG10606-MONOMER,"['BC-1.6.7', 'BC-5.6.4', 'BC-6.2']","['metabolism -> biosynthesis of macromolecules (cellular constituents) -> murein (peptidoglycan)', 'cell processes -> protection -> drug resistance/sensitivity', 'cell structure -> murein']",['RXN-16659'],peptidoglycan synthesis (penicillin target)
EG10615,b3599,mtlA,CPLX-166,,,MTLA-MONOMER,"['BC-1.1.1', 'BC-4.4.A', 'BC-6.1']","['metabolism -> carbon utilization -> carbon compounds', 'transport -> Group Translocators -> Phosphotransferase Systems (PEP-dependent PTS)', 'cell structure -> membrane']","['TRANS-RXN-156', 'TRANS-RXN-169']",nitrate reduction (low oxygen w nitrate)
G7264,b2429,murP,"['CPLX0-7', 'MONOMER0-5']",,,MONOMER0-5,"['BC-1.1.1', 'BC-4.4.A']","['metabolism -> carbon utilization -> carbon compounds', 'transport -> Group Translocators -> Phosphotransferase Systems (PEP-dependent PTS)']","['RXN0-17', 'TRANS-RXN0-587']",peptidoglycan recycling transport
EG10626,b0099,mutT,EG10626-MONOMER,,,EG10626-MONOMER,BC-1.7.15,"[""metabolism -> central intermediary metabolism -> 2'-deoxyribonucleotide metabolism""]","['RXN-14002', 'RXN-12816', 'RXN-11397', 'RXN-11396']","single nucleotide mutation repair before incorporation, produced by ROS"
EG10633,b0678,nagB,GLUCOSAMINE-6-P-DEAMIN-CPLX,GLUAMCAT-PWY,N-Acetylglucosamine-Degradation,GLUCOSAMINE-6-P-DEAMIN-MONOMER,BC-1.7.12,['metabolism -> central intermediary metabolism -> amino sugar conversions'],['GLUCOSAMINE-6-P-DEAMIN-RXN'],N-acetylglucosamine degradation I
EG10635,b0679,nagE,CPLX-167,,,NAGE-MONOMER,"['BC-1.1.4', 'BC-1.7.12', 'BC-4.4.A', 'BC-6.1']","['metabolism -> carbon utilization -> amines', 'metabolism -> central intermediary metabolism -> amino sugar conversions', 'transport -> Group Translocators -> Phosphotransferase Systems (PEP-dependent PTS)', 'cell structure -> membrane']","['TRANS-RXN-167', 'TRANS-RXN-167A']",N-acetylglucosamine degradation I
G6567,b1107,nagZ,G6567-MONOMER,PWY0-1261,Anhydromuropeptides-Recycling,G6567-MONOMER,BC-1.7.34,"['metabolism -> central intermediary metabolism -> murein turnover, recycling']",['RXN0-5226'],cell wall component metabolism/recycling
EG12060,b2202,napC,NAPC-MONOMER,PWY-8147,"['Cytochrome-C-Biogenesis', 'Protein-Modification']",NAPC-MONOMER,"['BC-1.3.7', 'BC-1.4.2', 'BC-1.6.15.1']","['metabolism -> energy metabolism, carbon -> anaerobic respiration', 'metabolism -> energy production/transport -> electron acceptors', 'metabolism -> biosynthesis of macromolecules (cellular constituents) -> large molecule carriers -> cytochromes']",['RXN-14107'],"unclear function, probably low nitrate redox balance"
EG12064,b2205,napG,CPLX0-3241,PWY0-1584,"['ANAEROBIC-RESPIRATION', 'Electron-Transfer', 'Nitrate-Reduction']",NAPG-MONOMER,"['BC-1.3.7', 'BC-1.4.3']","['metabolism -> energy metabolism, carbon -> anaerobic respiration', 'metabolism -> energy production/transport -> electron carriers']",['RXN-18584'],"unclear function, probably low nitrate redox balance"
EG12062,b2204,napH,CPLX0-3241,PWY0-1584,"['ANAEROBIC-RESPIRATION', 'Electron-Transfer', 'Nitrate-Reduction']",NAPH-MONOMER,"['BC-1.3.7', 'BC-1.4.3']","['metabolism -> energy metabolism, carbon -> anaerobic respiration', 'metabolism -> energy production/transport -> electron carriers']",['RXN-18584'],"unclear function, probably low nitrate redox balance"
EG10638,b1224,narG,NITRATREDUCTA-CPLX,"['PWY0-1321', 'PWY0-1352', 'PWY0-1581', 'PWY0-1573']","['ANAEROBIC-RESPIRATION', 'Electron-Transfer', 'Nitrate-Reduction', 'ANAEROBIC-RESPIRATION', 'Electron-Transfer', 'Nitrate-Reduction', 'ANAEROBIC-RESPIRATION', 'Electron-Transfer', 'Nitrate-Reduction', 'ANAEROBIC-RESPIRATION', 'Electron-Transfer', 'Nitrate-Reduction']",NARG-MONOMER,"['BC-1.3.7', 'BC-1.4.2']","['metabolism -> energy metabolism, carbon -> anaerobic respiration', 'metabolism -> energy production/transport -> electron acceptors']","['RXN0-3501', 'RXN0-7124', 'RXN-15119']",nitrate reduction (low oxygen w nitrate)
EG10639,b1225,narH,NITRATREDUCTA-CPLX,"['PWY0-1321', 'PWY0-1352', 'PWY0-1581', 'PWY0-1573']","['ANAEROBIC-RESPIRATION', 'Electron-Transfer', 'Nitrate-Reduction', 'ANAEROBIC-RESPIRATION', 'Electron-Transfer', 'Nitrate-Reduction', 'ANAEROBIC-RESPIRATION', 'Electron-Transfer', 'Nitrate-Reduction', 'ANAEROBIC-RESPIRATION', 'Electron-Transfer', 'Nitrate-Reduction']",NARH-MONOMER,"['BC-1.3.7', 'BC-1.4.2']","['metabolism -> energy metabolism, carbon -> anaerobic respiration', 'metabolism -> energy production/transport -> electron acceptors']","['RXN0-3501', 'RXN0-7124', 'RXN-15119']",nitrate reduction (low oxygen w nitrate)
EG10640,b1227,narI,NITRATREDUCTA-CPLX,"['PWY0-1321', 'PWY0-1352', 'PWY0-1581', 'PWY0-1573']","['ANAEROBIC-RESPIRATION', 'Electron-Transfer', 'Nitrate-Reduction', 'ANAEROBIC-RESPIRATION', 'Electron-Transfer', 'Nitrate-Reduction', 'ANAEROBIC-RESPIRATION', 'Electron-Transfer', 'Nitrate-Reduction', 'ANAEROBIC-RESPIRATION', 'Electron-Transfer', 'Nitrate-Reduction']",NARI-MONOMER,"['BC-1.3.7', 'BC-1.4.2', 'BC-1.6.15.1', 'BC-6.1']","['metabolism -> energy metabolism, carbon -> anaerobic respiration', 'metabolism -> energy production/transport -> electron acceptors', 'metabolism -> biosynthesis of macromolecules (cellular constituents) -> large molecule carriers -> cytochromes', 'cell structure -> membrane']","['RXN0-3501', 'RXN0-7124', 'RXN-15119']",nitrate reduction (low oxygen w nitrate)
EG10644,b1465,narV,NITRATREDUCTZ-CPLX,"['PWY0-1321', 'PWY0-1352', 'PWY0-1581']","['ANAEROBIC-RESPIRATION', 'Electron-Transfer', 'Nitrate-Reduction', 'ANAEROBIC-RESPIRATION', 'Electron-Transfer', 'Nitrate-Reduction', 'ANAEROBIC-RESPIRATION', 'Electron-Transfer', 'Nitrate-Reduction']",NARV-MONOMER,"['BC-1.3.7', 'BC-1.4.2', 'BC-6.1']","['metabolism -> energy metabolism, carbon -> anaerobic respiration', 'metabolism -> energy production/transport -> electron acceptors', 'cell structure -> membrane']","['RXN0-3501', 'RXN-15119']",nitrate reduction (low oxygen w nitrate)
EG10647,b1467,narY,NITRATREDUCTZ-CPLX,"['PWY0-1321', 'PWY0-1352', 'PWY0-1581']","['ANAEROBIC-RESPIRATION', 'Electron-Transfer', 'Nitrate-Reduction', 'ANAEROBIC-RESPIRATION', 'Electron-Transfer', 'Nitrate-Reduction', 'ANAEROBIC-RESPIRATION', 'Electron-Transfer', 'Nitrate-Reduction']",NARY-MONOMER,"['BC-1.3.7', 'BC-1.4.2']","['metabolism -> energy metabolism, carbon -> anaerobic respiration', 'metabolism -> energy production/transport -> electron acceptors']","['RXN0-3501', 'RXN-15119']",putative nitrite reduction
EG10648,b1468,narZ,NITRATREDUCTZ-CPLX,"['PWY0-1321', 'PWY0-1352', 'PWY0-1581']","['ANAEROBIC-RESPIRATION', 'Electron-Transfer', 'Nitrate-Reduction', 'ANAEROBIC-RESPIRATION', 'Electron-Transfer', 'Nitrate-Reduction', 'ANAEROBIC-RESPIRATION', 'Electron-Transfer', 'Nitrate-Reduction']",NARZ-MONOMER,"['BC-1.3.7', 'BC-1.4.2']","['metabolism -> energy metabolism, carbon -> anaerobic respiration', 'metabolism -> energy production/transport -> electron acceptors']","['RXN0-3501', 'RXN-15119']",putative nitrite reduction
EG11261,b0851,nfsA,CPLX0-244,,,EG11261-MONOMER,Unclassified-Genes,['UNCLASSIFIED'],"['R303-RXN', 'RXN-24048', 'RXN-24049', 'RXN0-7385']",general nitroreductase
G7413,b2710,norV,CPLX0-1,,,G7413-MONOMER,BC-1.4.3,['metabolism -> energy production/transport -> electron carriers'],['RXN0-2721'],nitric oxide protection (macrophage)
EG12450,b2711,norW,EG12450-MONOMER,,,EG12450-MONOMER,"['BC-1.4.3', 'BC-5.6.2']","['metabolism -> energy production/transport -> electron carriers', 'cell processes -> protection -> detoxification']",['RXN-22001'],nitric oxide protection (macrophage)
EG11946,b4072,nrfC,CPLX0-8238,PWY0-1585,"['ANAEROBIC-RESPIRATION', 'Electron-Transfer']",NRFC-MONOMER,"['BC-1.3.7', 'BC-1.4.2', 'BC-6.1']","['metabolism -> energy metabolism, carbon -> anaerobic respiration', 'metabolism -> energy production/transport -> electron acceptors', 'cell structure -> membrane']",['RXN-18604'],"phenylacetate metabolism, side product deg, add side reaction"
EG11947,b4073,nrfD,CPLX0-8238,PWY0-1585,"['ANAEROBIC-RESPIRATION', 'Electron-Transfer']",NRFD-MONOMER,"['BC-1.3.7', 'BC-6.1']","['metabolism -> energy metabolism, carbon -> anaerobic respiration', 'cell structure -> membrane']",['RXN-18604'],"pantothenate (vit b5, CoA moeity) transport"
G7740,b3397,nudE,CPLX0-1221,,,G7740-MONOMER,BC-1,['metabolism'],['ADPSUGPPHOSPHAT-RXN'],nucleotide diphosphate phosphatase
G6954,b1759,nudG,G6954-MONOMER,PWY-7206,"['Metabolic-Clusters', 'Pyrimidine-Deoxyribonucleosides-Deg']",G6954-MONOMER,BC-2.1,['information transfer -> DNA related'],"['RXN0-6957', 'RXN-14188', 'RXN0-7291']","single nucleotide mutation repair before incorporation, produced by ROS"
EG12012,b2131,osmF,ABC-40-CPLX,,,YEHZ-MONOMER,BC-4.3.A.1.p,"['transport -> Primary Active Transporters -> Pyrophosphate Bond (ATP; GTP; P2) Hydrolysis-driven Active Transporters -> The ATP-binding Cassette (ABC) Superfamily + ABC-type Uptake Permeases -> ABC superfamily, periplasmic binding component']",['TRANS-RXN-283'],osmoprotectant transport
G6721,b1400,paaY,CPLX0-8127,,,G6721-MONOMER,BC-1.1.1,['metabolism -> carbon utilization -> carbon compounds'],['RXN0-7103'],phosphonate (P source) metabolism
EG10685,b3258,panF,PANF-MONOMER,,,PANF-MONOMER,"['BC-1.5.3.5', 'BC-4.2.A', 'BC-6.1']","['metabolism -> biosynthesis of building blocks -> cofactors, small molecule carriers -> Coenzyme A and its modification', 'transport -> Electrochemical potential driven transporters -> Porters (Uni-, Sym- and Antiporters)', 'cell structure -> membrane']",['TRANS-RXN-117'],phosphonate (P source) metabolism
G6157,b0286,paoA,CPLX0-7805,,,G6157-MONOMER,BC-5.6.2,['cell processes -> protection -> detoxification'],"['CARBOXYLATE-REDUCTASE-RXN', 'RXN-24042', 'RXN-24038']",aromatic aldehyde oxidation
G6156,b0285,paoB,CPLX0-7805,,,G6156-MONOMER,BC-5.6.2,['cell processes -> protection -> detoxification'],"['CARBOXYLATE-REDUCTASE-RXN', 'RXN-24042', 'RXN-24038']",aromatic aldehyde oxidation
EG12015,b2134,pbpG,EG12015-MONOMER,,,EG12015-MONOMER,"['BC-1.6.7', 'BC-5.1', 'BC-5.6.4', 'BC-6.2']","['metabolism -> biosynthesis of macromolecules (cellular constituents) -> murein (peptidoglycan)', 'cell processes -> cell division', 'cell processes -> protection -> drug resistance/sensitivity', 'cell structure -> murein']",['RXN0-3461'],cell wall geometry/expansion
G7314,b2503,pdeF,CPLX0-8200,,,G7314-MONOMER,BC-5.5,['cell processes -> adaptations'],['RXN0-4181'],biofilm/stress signalling compound
EG10028,b0902,pflA,PFLACTENZ-MONOMER,,,PFLACTENZ-MONOMER,"['BC-1.3.7', 'BC-2.3.3', 'BC-3.1.3.3']","['metabolism -> energy metabolism, carbon -> anaerobic respiration', 'information transfer -> protein related -> posttranslational modification', 'regulation -> type of regulation -> posttranscriptional -> inhibition / activation of enzymes']","['1.97.1.4-A-RXN', 'TDCEACT1-RXN']",activates central anaerobic metabolism enzyme
EG10716,b4101,phnG,,,,EG10716-MONOMER,BC-1.8.1,['metabolism -> metabolism of other compounds -> phosphorous metabolism'],,phosphonate (P source) metabolism
EG10717,b4100,phnH,,,,EG10717-MONOMER,BC-1.8.1,['metabolism -> metabolism of other compounds -> phosphorous metabolism'],,phosphonate (P source) metabolism
EG10718,b4099,phnI,EG10718-MONOMER,"['PWY0-1533', 'PWY-7805']","['Methylphosphonate-Degradation', 'Phosphonate-Degradation']",EG10718-MONOMER,BC-1.8.1,['metabolism -> metabolism of other compounds -> phosphorous metabolism'],"['RXN0-6732', 'RXN-17954']",phosphonate (P source) metabolism
EG10719,b4098,phnJ,EG10719-MONOMER,"['PWY-7805', 'PWY0-1533']","['Phosphonate-Degradation', 'Methylphosphonate-Degradation']",EG10719-MONOMER,BC-1.8.1,['metabolism -> metabolism of other compounds -> phosphorous metabolism'],"['RXN-17956', 'RXN0-6734']",phosphonate (P source) metabolism
EG10721,b4096,phnL,,,,PHNL-MONOMER,BC-1.8.1,['metabolism -> metabolism of other compounds -> phosphorous metabolism'],,phosphonate (P source) metabolism
EG10722,b4095,phnM,EG10722-MONOMER,"['PWY-7805', 'PWY0-1533']","['Phosphonate-Degradation', 'Methylphosphonate-Degradation']",EG10722-MONOMER,"['BC-1.8.1', 'BC-6.1']","['metabolism -> metabolism of other compounds -> phosphorous metabolism', 'cell structure -> membrane']","['RXN-17955', 'RXN0-6733']",nicotinamide riboside transport
EG10725,b4092,phnP,CPLX0-7936,"['PWY-7805', 'PWY0-1533']","['Phosphonate-Degradation', 'Methylphosphonate-Degradation']",EG10725-MONOMER,BC-1.8.1,['metabolism -> metabolism of other compounds -> phosphorous metabolism'],['RXN0-6710'],pseudouridine metabolism (urine growth)
EG10738,b3821,pldA,CPLX0-7944,,,MONOMER0-341,BC-1.8.1,['metabolism -> metabolism of other compounds -> phosphorous metabolism'],"['RXN0-6952', 'RXN0-6725', 'RXN-19312', 'RXN-19311']",outer membrane stabilization
EG11437,b1090,plsX,EG11437-MONOMER,,,EG11437-MONOMER,BC-1.6.1,['metabolism -> biosynthesis of macromolecules (cellular constituents) -> phospholipid'],['RXN-9590'],"putative function, acp acyltransferase"
EG11700,b0751,pnuC,PNUC-MONOMER,,,PNUC-MONOMER,"['BC-1.7.33', 'BC-4.9.A', 'BC-6.1']","['metabolism -> central intermediary metabolism -> nucleotide and nucleoside conversions', 'transport -> Transporters of Unknown Classification', 'cell structure -> membrane']",['TRANS-RXN0-481'],General PTS protein required for carbon source transport
EG11761,b1461,pptA,CPLX0-902,,,EG11761-MONOMER,BC-1,['metabolism'],['RXN-19492'],converts non-useful tautomer to useful one faster
EG10780,b1308,pspE,EG10780-MONOMER,PWY-5350,Thiosulfate-Disproportionation,EG10780-MONOMER,Unclassified-Genes,['UNCLASSIFIED'],"['THIOSULFATE-SULFURTRANSFERASE-RXN', 'RXN-19033']",Catalyzes cyanide reaction but unknown function
EG11646,b2166,psuK,EG11646-MONOMER,PWY-6019,Purine-Degradation,EG11646-MONOMER,BC-1.5.2.2,['metabolism -> biosynthesis of building blocks -> nucleotides -> pyrimidine biosynthesis'],['PSEUDOURIDINE-KINASE-RXN'],ribose ABC transport
EG10789,b2416,ptsI,CPLX0-7938,,,PTSI-MONOMER,"['BC-1.1.1', 'BC-4.8.A']","['metabolism -> carbon utilization -> carbon compounds', 'transport -> Accessory Factors Involved in Transport']","['2.7.3.9-RXN', 'RXN-17354', 'RXN-17355']",ribose ABC transport
G6245,b0444,queC,G6245-MONOMER,PWY-6703,SECONDARY-METABOLITE-BIOSYNTHESIS,G6245-MONOMER,BC-2.2.3,['information transfer -> RNA related -> RNA modification'],['RXN-12093'],"queuosine biosynthesis (trna precision), mutant decreases fitness"
G7431,b2765,queD,CPLX0-8123,PWY-6703,SECONDARY-METABOLITE-BIOSYNTHESIS,G7431-MONOMER,BC-2.2.3,['information transfer -> RNA related -> RNA modification'],['RXN0-5507'],"queuosine biosynthesis (trna precision), mutant decreases fitness"
G7452,b2794,queF,CPLX0-3501,PWY-6700,Queuosine-Biosynthesis,G7452-MONOMER,BC-2.2.3,['information transfer -> RNA related -> RNA modification'],['RXN0-4022'],"queuosine biosynthesis (trna precision), mutant decreases fitness"
EG10814,b3749,rbsA,ABC-28-CPLX,,,RBSA-MONOMER,"['BC-1.1.1', 'BC-4.3.A.1.a']","['metabolism -> carbon utilization -> carbon compounds', 'transport -> Primary Active Transporters -> Pyrophosphate Bond (ATP; GTP; P2) Hydrolysis-driven Active Transporters -> The ATP-binding Cassette (ABC) Superfamily + ABC-type Uptake Permeases -> ABC superfamily ATP binding cytoplasmic component']",['ABC-28-RXN'],ribose ABC transport
EG10815,b3751,rbsB,ABC-28-CPLX,,,RBSB-MONOMER,"['BC-1.1.1', 'BC-4.3.A.1.p']","['metabolism -> carbon utilization -> carbon compounds', 'transport -> Primary Active Transporters -> Pyrophosphate Bond (ATP; GTP; P2) Hydrolysis-driven Active Transporters -> The ATP-binding Cassette (ABC) Superfamily + ABC-type Uptake Permeases -> ABC superfamily, periplasmic binding component']",['ABC-28-RXN'],ribose metabolism
EG10816,b3750,rbsC,ABC-28-CPLX,,,RBSC-MONOMER,"['BC-1.1.1', 'BC-4.3.A.1.m', 'BC-6.1']","['metabolism -> carbon utilization -> carbon compounds', 'transport -> Primary Active Transporters -> Pyrophosphate Bond (ATP; GTP; P2) Hydrolysis-driven Active Transporters -> The ATP-binding Cassette (ABC) Superfamily + ABC-type Uptake Permeases -> ABC superfamily, membrane component', 'cell structure -> membrane']",['ABC-28-RXN'],alternative pyridimine to nitrogen source metabolism
EG10818,b3752,rbsK,CPLX0-7647,RIBOKIN-PWY,Sugars-And-Polysaccharides-Degradation,RIBOKIN-MONOMER,BC-1.1.1,['metabolism -> carbon utilization -> carbon compounds'],['RIBOKIN-RXN'],alternative pyridimine to nitrogen source metabolism
EG10840,b3784,rfe,CPLX0-8011,ECASYN-PWY,Polysaccharides-Biosynthesis,GLCNACPTRANS-MONOMER,"['BC-1.6.4', 'BC-6.3']","['metabolism -> biosynthesis of macromolecules (cellular constituents) -> enterobacterial common antigen  (surface glycolipid)', 'cell structure -> surface antigens (ECA, O antigen of LPS)']",['GLCNACPTRANS-RXN'],Outer membrane permeability factor biosynthesis
EG11455,b3790,rffC,CPLX0-8614,PWY-7315,dTDP-Sugar-Biosynthesis,TDPFUCACTRANS-MONOMER,BC-6.3,"['cell structure -> surface antigens (ECA, O antigen of LPS)']",['TDPFUCACTRANS-RXN'],Outer membrane permeability factor biosynthesis
EG11458,b3794,rffM,UDPMANACATRANS-MONOMER,ECASYN-PWY,Polysaccharides-Biosynthesis,UDPMANACATRANS-MONOMER,"['BC-1.6.4', 'BC-6.3']","['metabolism -> biosynthesis of macromolecules (cellular constituents) -> enterobacterial common antigen  (surface glycolipid)', 'cell structure -> surface antigens (ECA, O antigen of LPS)']",['UDPMANACATRANS-RXN'],Outer membrane permeability factor biosynthesis
EG11469,b3824,rhtB,RHTB-MONOMER,,,RHTB-MONOMER,"['BC-4.2.A', 'BC-6.1']","['transport -> Electrochemical potential driven transporters -> Porters (Uni-, Sym- and Antiporters)', 'cell structure -> membrane']","['TRANS-RXN-242', 'TRANS-RXN-242A', 'TRANS-RXN0-0244']",Export of cell signalling metabolites? transporter
G7841,b4161,rsgA,G7841-MONOMER,,,G7841-MONOMER,BC-6.6,['cell structure -> ribosomes'],['RXN0-5462'],ribosome maturation but also generic gtpase
G6523,b1012,rutA,G6523-MONOMER,PWY0-1471,Uracil-Degradation,G6523-MONOMER,BC-1.8.3,['metabolism -> metabolism of other compounds -> nitrogen metabolism'],"['RXN0-6444', 'RXN-20707', 'RXN-12886', 'RXN-22443', 'RXN-20708']",alternative pyridimine to nitrogen source metabolism
G6522,b1011,rutB,G6522-MONOMER,PWY0-1471,Uracil-Degradation,G6522-MONOMER,BC-1.8.3,['metabolism -> metabolism of other compounds -> nitrogen metabolism'],"['RXN0-6460', 'RXN-12896']",alternative pyridimine to nitrogen source metabolism
G6521,b1010,rutC,CPLX0-8589,PWY0-1471,Uracil-Degradation,G6521-MONOMER,BC-1.8.3,['metabolism -> metabolism of other compounds -> nitrogen metabolism'],['RXN0-6452'],alternative pyridimine to nitrogen source metabolism
G6520,b1009,rutD,CPLX0-8303,PWY0-1471,Uracil-Degradation,G6520-MONOMER,BC-1.8.3,['metabolism -> metabolism of other compounds -> nitrogen metabolism'],['RXN0-5222'],alternative pyridimine to nitrogen source metabolism
G6519,b1008,rutE,G6519-MONOMER,PWY0-1471,Uracil-Degradation,G6519-MONOMER,BC-1.8.3,['metabolism -> metabolism of other compounds -> nitrogen metabolism'],['RXN-8974'],shikimate transport
G6518,b1007,rutF,G6518-MONOMER,,,G6518-MONOMER,BC-1.8.3,['metabolism -> metabolism of other compounds -> nitrogen metabolism'],['RXN-9510'],sorbitol transport
EG10941,b3591,selA,CPLX0-1141,PWY0-901,Selenocysteine-Biosynthesis,EG10941-MONOMER,BC-2.3.2,['information transfer -> protein related -> translation'],['2.9.1.1-RXN'],selenocysteine cofactor synthesis
EG10943,b1764,selD,CPLX0-7957,PWY0-901,Selenocysteine-Biosynthesis,EG10943-MONOMER,"['BC-2.2.3', 'BC-2.3.1']","['information transfer -> RNA related -> RNA modification', 'information transfer -> protein related -> amino acid -activation']",['2.7.9.3-RXN'],selenocysteine cofactor synthesis
G7067,b1981,shiA,SHIA-MONOMER,,,SHIA-MONOMER,"['BC-1.5.1.20', 'BC-4.2.A', 'BC-6.1']","['metabolism -> biosynthesis of building blocks -> amino acids -> chorismate', 'transport -> Electrochemical potential driven transporters -> Porters (Uni-, Sym- and Antiporters)', 'cell structure -> membrane']",['TRANS-RXN-27'],sorbitol transport
EG10953,b3908,sodA,SUPEROX-DISMUTMN-CPLX,DETOX1-PWY,REACTIVE-OXYGEN-SPECIES-DEGRADATION,SUPEROX-DISMUTMN-MONOMER,BC-5.6.2,['cell processes -> protection -> detoxification'],['SUPEROX-DISMUT-RXN'],superoxide radical degradation
EG10954,b1656,sodB,SUPEROX-DISMUTFE-CPLX,DETOX1-PWY,REACTIVE-OXYGEN-SPECIES-DEGRADATION,SUPEROX-DISMUTFE-MONOMER,BC-5.6.2,['cell processes -> protection -> detoxification'],['SUPEROX-DISMUT-RXN'],superoxide radical degradation
EG10959,b2938,speA,ARGDECARBOXBIO-CPLX,"['PWY0-823', 'PWY-40']","['ARGININE-DEG', 'Putrescine-Biosynthesis']",ARGDECARBOXBIO-MONOMER,BC-1.7.14,['metabolism -> central intermediary metabolism -> polyamine biosynthesis'],['ARGDECARBOX-RXN'],putrescine (ubiquitious regulator) biosynthesis
G8210,b2702,srlA,CPLX-169,,,G8210-MONOMER,"['BC-1.1.1', 'BC-4.4.A']","['metabolism -> carbon utilization -> carbon compounds', 'transport -> Group Translocators -> Phosphotransferase Systems (PEP-dependent PTS)']","['TRANS-RXN-169', 'TRANS-RXN-156']",sorbitol transport
EG10970,b2704,srlB,CPLX-169,,,GUTB-MONOMER,"['BC-1.1.1', 'BC-4.4.A']","['metabolism -> carbon utilization -> carbon compounds', 'transport -> Group Translocators -> Phosphotransferase Systems (PEP-dependent PTS)']","['TRANS-RXN-169', 'TRANS-RXN-156']",taurine ABC transport
EG10969,b2703,srlE,CPLX-169,,,GUTA-MONOMER,"['BC-1.1.1', 'BC-4.4.A']","['metabolism -> carbon utilization -> carbon compounds', 'transport -> Group Translocators -> Phosphotransferase Systems (PEP-dependent PTS)']","['TRANS-RXN-169', 'TRANS-RXN-156']",taurine ABC transport
EG11600,b2521,sseA,EG11600-MONOMER,"['PWY-5329', 'PWY-5350']","['CYSTEINE-DEG', 'Hydrogen-Sulfide-Biosynthesis', 'Thiosulfate-Disproportionation']",EG11600-MONOMER,"['BC-1.8.2', 'BC-5.6']","['metabolism -> metabolism of other compounds -> sulfur metabolism', 'cell processes -> protection']","['MERCAPYSTRANS-RXN', 'RXN-18702', 'RXN-18703', 'THIOSULFATE-SULFURTRANSFERASE-RXN']","cysteine degradation, cyanide resistance"
EG10983,b2533,suhB,EG10983-MONOMER,,,EG10983-MONOMER,BC-3.1.3,['regulation -> type of regulation -> posttranscriptional'],"['RXN0-5408', 'RXN-7253', 'GLYCEROL-2-PHOSPHATASE-RXN']",rRNA maturation
G6806,b1519,tam,G6806-MONOMER,,,G6806-MONOMER,"['BC-1.7.1', 'BC-5.6.2']","['metabolism -> central intermediary metabolism -> unassigned reversible reactions', 'cell processes -> protection -> detoxification']",['RXN0-2441'],eliminates inhibitory byproduct
G6217,b0365,tauA,ABC-64-CPLX,,,TAUA-MONOMER,"['BC-1.1.4', 'BC-1.8.2', 'BC-4.3.A.1.p']","['metabolism -> carbon utilization -> amines', 'metabolism -> metabolism of other compounds -> sulfur metabolism', 'transport -> Primary Active Transporters -> Pyrophosphate Bond (ATP; GTP; P2) Hydrolysis-driven Active Transporters -> The ATP-binding Cassette (ABC) Superfamily + ABC-type Uptake Permeases -> ABC superfamily, periplasmic binding component']",['ABC-64-RXN'],taurine ABC transport
G6218,b0366,tauB,ABC-64-CPLX,,,TAUB-MONOMER,"['BC-1.1.4', 'BC-1.8.2', 'BC-4.3.A.1.a']","['metabolism -> carbon utilization -> amines', 'metabolism -> metabolism of other compounds -> sulfur metabolism', 'transport -> Primary Active Transporters -> Pyrophosphate Bond (ATP; GTP; P2) Hydrolysis-driven Active Transporters -> The ATP-binding Cassette (ABC) Superfamily + ABC-type Uptake Permeases -> ABC superfamily ATP binding cytoplasmic component']",['ABC-64-RXN'],thiamine ABC transport
G6219,b0367,tauC,ABC-64-CPLX,,,TAUC-MONOMER,"['BC-1.1.4', 'BC-1.8.2', 'BC-4.3.A.1.m', 'BC-6.1']","['metabolism -> carbon utilization -> amines', 'metabolism -> metabolism of other compounds -> sulfur metabolism', 'transport -> Primary Active Transporters -> Pyrophosphate Bond (ATP; GTP; P2) Hydrolysis-driven Active Transporters -> The ATP-binding Cassette (ABC) Superfamily + ABC-type Uptake Permeases -> ABC superfamily, membrane component', 'cell structure -> membrane']",['ABC-64-RXN'],thiamine salvaging
EG10995,b0452,tesB,THIOESTERII-CPLX,PWY0-1337,Fatty-Acid-Degradation,THIOESTERII-MONOMER,BC-1,['metabolism'],"['RXN-9628', 'PALMITOYL-COA-HYDROLASE-RXN', 'ACYL-COA-HYDROLASE-RXN', 'RXN-14251', 'RXN-14255', 'RXN0-5390']",thioesterase
EG11574,b0068,thiB,ABC-32-CPLX,,,SFUA-MONOMER,"['BC-1.5.3.8', 'BC-4.3.A.1.p']","['metabolism -> biosynthesis of building blocks -> cofactors, small molecule carriers -> thiamin', 'transport -> Primary Active Transporters -> Pyrophosphate Bond (ATP; GTP; P2) Hydrolysis-driven Active Transporters -> The ATP-binding Cassette (ABC) Superfamily + ABC-type Uptake Permeases -> ABC superfamily, periplasmic binding component']",['ABC-32-RXN'],thiamine salvaging
G6566,b1106,thiK,THIKIN-MONOMER,,,THIKIN-MONOMER,BC-1.5.3.8,"['metabolism -> biosynthesis of building blocks -> cofactors, small molecule carriers -> thiamin']",['THIKIN-RXN'],thiamine ABC transport
M007,b2104,thiM,CPLX0-8211,"['PWY-8457', 'PWY-6897', 'PWY0-1597']","['Thiamin-Salvage', 'Super-Pathways', 'Thiamin-Salvage', 'Flavin-Biosynthesis']",THZ-KIN-MONOMER,BC-1.5.3.8,"['metabolism -> biosynthesis of building blocks -> cofactors, small molecule carriers -> thiamin']","['RXN-23965', 'THIAZOLSYN3-RXN', 'RXN0-7298']",thiamine ABC transport
EG11573,b0067,thiP,ABC-32-CPLX,,,SFUB-MONOMER,"['BC-1.5.3.8', 'BC-4.3.A.1.m', 'BC-6.1']","['metabolism -> biosynthesis of building blocks -> cofactors, small molecule carriers -> thiamin', 'transport -> Primary Active Transporters -> Pyrophosphate Bond (ATP; GTP; P2) Hydrolysis-driven Active Transporters -> The ATP-binding Cassette (ABC) Superfamily + ABC-type Uptake Permeases -> ABC superfamily, membrane component', 'cell structure -> membrane']",['ABC-32-RXN'],trehalose metabolism
EG11572,b0066,thiQ,ABC-32-CPLX,,,SFUC-MONOMER,"['BC-1.5.3.8', 'BC-4.3.A.1.a']","['metabolism -> biosynthesis of building blocks -> cofactors, small molecule carriers -> thiamin', 'transport -> Primary Active Transporters -> Pyrophosphate Bond (ATP; GTP; P2) Hydrolysis-driven Active Transporters -> The ATP-binding Cassette (ABC) Superfamily + ABC-type Uptake Permeases -> ABC superfamily ATP binding cytoplasmic component']",['ABC-32-RXN'],trehalose transport
EG11012,b1252,tonB,"['CPLX0-1924', 'CPLX0-1941', 'CPLX0-1942', 'CPLX0-1943', 'CPLX0-7952', 'CPLX0-8541', 'CPLX0-9372']",,,EG11012-MONOMER,"['BC-1.4', 'BC-4.2.C', 'BC-5.5.7', 'BC-6.1']","['metabolism -> energy production/transport', 'transport -> Electrochemical potential driven transporters -> Ion-gradient-driven energizers', 'cell processes -> adaptations -> Fe aquisition', 'cell structure -> membrane']","['RXN0-1565', 'TRANS-RXN0-283', 'RXN0-1682', 'RXN0-1701', 'RXN0-1684', 'RXN0-1702', 'RXN0-1721', 'TRANS-RXN0-629']",Ton metal transport complex
EG11814,b0997,torA,"['TMAOREDUCTI-CPLX', 'TORA-MONOMER']","['PWY0-1355', 'PWY0-1347', 'PWY0-1578']","['ANAEROBIC-RESPIRATION', 'Electron-Transfer', 'ANAEROBIC-RESPIRATION', 'Electron-Transfer', 'ANAEROBIC-RESPIRATION', 'Electron-Transfer']",TORA-MONOMER,"['BC-1.3.7', 'BC-1.4.2']","['metabolism -> energy metabolism, carbon -> anaerobic respiration', 'metabolism -> energy production/transport -> electron acceptors']","['RXN0-5264', 'RXN-19618']",anaerobic growth using TMAO as acceptor
EG11815,b0996,torC,TMAOREDUCTI-CPLX,"['PWY0-1355', 'PWY0-1347', 'PWY0-1578', 'PWY-8147']","['ANAEROBIC-RESPIRATION', 'Electron-Transfer', 'ANAEROBIC-RESPIRATION', 'Electron-Transfer', 'ANAEROBIC-RESPIRATION', 'Electron-Transfer', 'Cytochrome-C-Biogenesis', 'Protein-Modification']",EG11815-MONOMER,"['BC-1.3.7', 'BC-1.4.2', 'BC-1.6.15.1', 'BC-3.3.1', 'BC-6.1']","['metabolism -> energy metabolism, carbon -> anaerobic respiration', 'metabolism -> energy production/transport -> electron acceptors', 'metabolism -> biosynthesis of macromolecules (cellular constituents) -> large molecule carriers -> cytochromes', 'regulation -> genetic unit regulated -> operon', 'cell structure -> membrane']",['RXN0-5264'],anaerobic growth using TMAO as acceptor
G7022,b1872,torZ,G7022-MONOMER,,,G7022-MONOMER,"['BC-1.3.7', 'BC-1.4.3']","['metabolism -> energy metabolism, carbon -> anaerobic respiration', 'metabolism -> energy production/transport -> electron carriers']",['RXN-19619'],anaerobic growth using TMAO as acceptor
G6660,b1324,tpx,CPLX0-7747,,,G6660-MONOMER,BC-5.6.2,['cell processes -> protection -> detoxification'],"['1.11.1.15-RXN', 'RXN-19953', 'RXN-19954', 'RXN0-5468']",anaerobic antioxidant
EG11017,b1197,treA,TREHALAPERI-MONOMER,PWY0-1466,Trehalose-Degradation,TREHALAPERI-MONOMER,"['BC-1.7.9', 'BC-5.5.1']","['metabolism -> central intermediary metabolism -> misc. glucose metabolism', 'cell processes -> adaptations -> osmotic pressure']",['TREHALA-RXN'],tartrate anaerobic transport
EG12127,b4240,treB,CPLX-168,,,TREB-MONOMER,"['BC-1.7.9', 'BC-4.4.A', 'BC-6.1']","['metabolism -> central intermediary metabolism -> misc. glucose metabolism', 'transport -> Group Translocators -> Phosphotransferase Systems (PEP-dependent PTS)', 'cell structure -> membrane']",['TRANS-RXN-168'],ascorbate/vit C PTS transport
EG11031,b3781,trxA,RED-THIOREDOXIN-MONOMER,"['PWY0-1600', 'PWY-7220', 'SO4ASSIM-PWY', 'PWY-7222', 'PWY-7184', 'PWY0-166', 'PWY-8147', 'PWY-5329', 'THIOREDOX-PWY']","['Protein-Modification', 'Adenosine-Deoxy-Denovo-Bbiosynthesis', 'Assimilatory-Sulfate-Reduction', 'Super-Pathways', 'Guanosine-Deoxy-Denovo-Biosynthesis', 'Metabolic-Clusters', 'Pyrimid-Deoxyribonucleot-De-Novo-Biosyn', 'Pyrimid-Deoxyribonucleot-De-Novo-Biosyn', 'Super-Pathways', 'Cytochrome-C-Biogenesis', 'Protein-Modification', 'CYSTEINE-DEG', 'Hydrogen-Sulfide-Biosynthesis', 'Reductants']","['OX-THIOREDOXIN-MONOMER', 'RED-THIOREDOXIN-MONOMER']",BC-1.6.15.2,"['metabolism -> biosynthesis of macromolecules (cellular constituents) -> large molecule carriers -> thioredoxin, glutaredoxin']","['RXN0-7311', 'RXN-20161']",thiosulfide reduction
EG12393,b3063,ttdT,YGJE-MONOMER,,,YGJE-MONOMER,"['BC-4.2.A', 'BC-6.1']","['transport -> Electrochemical potential driven transporters -> Porters (Uni-, Sym- and Antiporters)', 'cell structure -> membrane']",['TRANS-RXN-127'],ascorbate/vit C PTS transport
EG11044,b2311,ubiX,UBIX-MONOMER,PWY0-1597,Flavin-Biosynthesis,UBIX-MONOMER,"['BC-1.3.6', 'BC-1.5.3.11']","['metabolism -> energy metabolism, carbon -> aerobic respiration', 'metabolism -> biosynthesis of building blocks -> cofactors, small molecule carriers -> menaquinone, ubiquinone']",['RXN-16937'],cofactor biosynthesis required for ubiquinol biosynthesis
EG11054,b3666,uhpT,UHPT-MONOMER,,,UHPT-MONOMER,"['BC-1.1.1', 'BC-4.2.A', 'BC-6.1']","['metabolism -> carbon utilization -> carbon compounds', 'transport -> Electrochemical potential driven transporters -> Porters (Uni-, Sym- and Antiporters)', 'cell structure -> membrane']","['TRANS-RXN-33', 'TRANS-RXN0-502', 'TRANS-RXN0-501', 'TRANS-RXN0-534']",ascorbate/vit C PTS transport
EG11055,b1617,uidA,CPLX0-7662,PWY-7247,D-Glucuronate-Degradation,BETA-GLUCURONID-MONOMER,BC-1.1.1,['metabolism -> carbon utilization -> carbon compounds'],['BETA-GLUCURONID-RXN'],ascorbate catabolism
EG11658,b1616,uidB,UIDB-MONOMER,,,UIDB-MONOMER,"['BC-1.1.1', 'BC-4.2.A', 'BC-6.1']","['metabolism -> carbon utilization -> carbon compounds', 'transport -> Electrochemical potential driven transporters -> Porters (Uni-, Sym- and Antiporters)', 'cell structure -> membrane']",['TRANS-RXN-98'],glycine betaine transport
G7856,b4193,ulaA,EIISGA,PWY0-301,Ascorbate-Degradation,SGAT-MONOMER,BC-4.4.A,['transport -> Group Translocators -> Phosphotransferase Systems (PEP-dependent PTS)'],['RXN0-2461'],glycine betaine transport
EG12494,b4194,ulaB,EIISGA,PWY0-301,Ascorbate-Degradation,YJFT-MONOMER,BC-4.4.A,['transport -> Group Translocators -> Phosphotransferase Systems (PEP-dependent PTS)'],['RXN0-2461'],glycine betaine transport
EG12495,b4195,ulaC,EIISGA,PWY0-301,Ascorbate-Degradation,YJFU-MONOMER,BC-4.4.A,['transport -> Group Translocators -> Phosphotransferase Systems (PEP-dependent PTS)'],['RXN0-2461'],galactofuranose transport
G7855,b4192,ulaG,CPLX0-7848,PWY0-301,Ascorbate-Degradation,G7855-MONOMER,BC-1.1,['metabolism -> carbon utilization'],['RXN0-5214'],galactofuranose transport
EG11424,b3622,waaL,EG11424-MONOMER,,,EG11424-MONOMER,"['BC-6.1', 'BC-6.3']","['cell structure -> membrane', 'cell structure -> surface antigens (ECA, O antigen of LPS)']","['RXN0-5294', 'RXN-22510']","cell wall structure, ligase"
G7104,b2059,wcaA,G7104-MONOMER,PWY-8243,Polysaccharides-Biosynthesis,G7104-MONOMER,BC-1.6.2,['metabolism -> biosynthesis of macromolecules (cellular constituents) -> colanic acid (M antigen)'],['RXN-22216'],colanic acid (cell wall component) biosynthesis
G7103,b2058,wcaB,G7103-MONOMER,PWY-8243,Polysaccharides-Biosynthesis,G7103-MONOMER,BC-1.6.2,['metabolism -> biosynthesis of macromolecules (cellular constituents) -> colanic acid (M antigen)'],['RXN0-7345'],colanic acid (cell wall component) biosynthesis
G7102,b2057,wcaC,G7102-MONOMER,PWY-8243,Polysaccharides-Biosynthesis,G7102-MONOMER,BC-1.6.2,['metabolism -> biosynthesis of macromolecules (cellular constituents) -> colanic acid (M antigen)'],['RXN0-7344'],colanic acid (cell wall component) biosynthesis
G7100,b2055,wcaE,G7100-MONOMER,PWY-8243,Polysaccharides-Biosynthesis,G7100-MONOMER,BC-1.6.2,['metabolism -> biosynthesis of macromolecules (cellular constituents) -> colanic acid (M antigen)'],['RXN0-7343'],colanic acid (cell wall component) biosynthesis
G7099,b2054,wcaF,G7099-MONOMER,PWY-8243,Polysaccharides-Biosynthesis,G7099-MONOMER,BC-1.6.2,['metabolism -> biosynthesis of macromolecules (cellular constituents) -> colanic acid (M antigen)'],['RXN0-7342'],colanic acid (cell wall component) biosynthesis
G7096,b2045,wcaK,G7096-MONOMER,PWY-8243,Polysaccharides-Biosynthesis,G7096-MONOMER,BC-1.6.2,['metabolism -> biosynthesis of macromolecules (cellular constituents) -> colanic acid (M antigen)'],['RXN-22214'],colanic acid (cell wall component) biosynthesis
EG11452,b3787,wecC,CPLX0-8013,"['PWY-7335', 'PWY0-1611']","['UDP-Sugar-Biosynthesis', 'Super-Pathways', 'UDP-Sugar-Biosynthesis']",UDPMANNACADEHYDROG-MONOMER,"['BC-1.6.4', 'BC-6.3']","['metabolism -> biosynthesis of macromolecules (cellular constituents) -> enterobacterial common antigen  (surface glycolipid)', 'cell structure -> surface antigens (ECA, O antigen of LPS)']",['UDPMANNACADEHYDROG-RXN'],Outer membrane permeability factor biosynthesis
G7097,b2046,wzxC,G7097-MONOMER,PWY-8243,Polysaccharides-Biosynthesis,G7097-MONOMER,"['BC-4.9.A', 'BC-6.1']","['transport -> Transporters of Unknown Classification', 'cell structure -> membrane']",['RXN-22217'],colanic acid (cell wall component) biosynthesis
EG11486,b3792,wzxE,EG11486-MONOMER,ECASYN-PWY,Polysaccharides-Biosynthesis,EG11486-MONOMER,"['BC-1.6.4', 'BC-4', 'BC-6.1']","['metabolism -> biosynthesis of macromolecules (cellular constituents) -> enterobacterial common antigen  (surface glycolipid)', 'transport', 'cell structure -> membrane']",['TRANS-RXN0-279'],Outer membrane permeability factor biosynthesis
G6326,b0581,ybdK,CPLX0-7827,,,G6326-MONOMER,BC-1,['metabolism'],['GLUTCYSLIG-RXN'],glutathione (stress protection)biosynthesis
G6502,b0968,yccX,G6502-MONOMER,,,G6502-MONOMER,Unclassified-Genes,['UNCLASSIFIED'],['ACYLPHOSPHATASE-RXN'],putative generic acylphosphatase
EG11121,b1253,yciA,EG11121-MONOMER,,,EG11121-MONOMER,Unclassified-Genes,['UNCLASSIFIED'],"['RXN-9628', 'PALMITOYL-COA-HYDROLASE-RXN', 'RXN-14251', 'RXN-14255', 'ACYL-COA-HYDROLASE-RXN']",putative generic thioesterase
G6960,b1773,ydjI,CPLX0-8547,,,G6960-MONOMER,BC-1.1.1,['metabolism -> carbon utilization -> carbon compounds'],['RXN-21532'],unknown specific function 
EG12009,b2128,yehW,ABC-40-CPLX,,,YEHW-MONOMER,"['BC-4.3.A.1.m', 'BC-6.1']","['transport -> Primary Active Transporters -> Pyrophosphate Bond (ATP; GTP; P2) Hydrolysis-driven Active Transporters -> The ATP-binding Cassette (ABC) Superfamily + ABC-type Uptake Permeases -> ABC superfamily, membrane component', 'cell structure -> membrane']",['TRANS-RXN-283'],galactofuranose transport
EG12010,b2129,yehX,ABC-40-CPLX,,,YEHX-MONOMER,BC-4.3.A.1.a,['transport -> Primary Active Transporters -> Pyrophosphate Bond (ATP; GTP; P2) Hydrolysis-driven Active Transporters -> The ATP-binding Cassette (ABC) Superfamily + ABC-type Uptake Permeases -> ABC superfamily ATP binding cytoplasmic component'],['TRANS-RXN-283'],"fructose, unknown role"
EG12011,b2130,yehY,ABC-40-CPLX,,,YEHY-MONOMER,"['BC-4.3.A.1.m', 'BC-6.1']","['transport -> Primary Active Transporters -> Pyrophosphate Bond (ATP; GTP; P2) Hydrolysis-driven Active Transporters -> The ATP-binding Cassette (ABC) Superfamily + ABC-type Uptake Permeases -> ABC superfamily, membrane component', 'cell structure -> membrane']",['TRANS-RXN-283'],"fructose, unknown role"
G7490,b2871,ygeX,CPLX0-1401,,,G7490-MONOMER,BC-1,['metabolism'],['4.3.1.15-RXN'],"catabolism of non-ribosomal peptide precursor, carbon source"
EG12281,b3577,yiaM,TRANS-CPLX-203,,,MONOMER0-422,"['BC-4.2.A', 'BC-6.1']","['transport -> Electrochemical potential driven transporters -> Porters (Uni-, Sym- and Antiporters)', 'cell structure -> membrane']",['TRANS-RXN0-235'],generic hexose-phosphate antiporter
EG12282,b3578,yiaN,TRANS-CPLX-203,,,EG12282-MONOMER,"['BC-4.2.A', 'BC-6.1']","['transport -> Electrochemical potential driven transporters -> Porters (Uni-, Sym- and Antiporters)', 'cell structure -> membrane']",['TRANS-RXN0-235'],gluconoride and gluconorate catabolism
EG12283,b3579,yiaO,TRANS-CPLX-203,,,EG12283-MONOMER,BC-4.2.A,"['transport -> Electrochemical potential driven transporters -> Porters (Uni-, Sym- and Antiporters)']",['TRANS-RXN0-235'],gluconoride transport
EG11685,b3656,yicI,CPLX0-3901,,,EG11685-MONOMER,BC-1.7,['metabolism -> central intermediary metabolism'],"['RXN0-5001', 'RXN-12402']",putative symport of na+ and ascorbate catabolism intermediate
EG12439,b4231,yjfF,ABC-46-CPLX,,,YJFF-MONOMER,"['BC-4.3.A.1.m', 'BC-6.1']","['transport -> Primary Active Transporters -> Pyrophosphate Bond (ATP; GTP; P2) Hydrolysis-driven Active Transporters -> The ATP-binding Cassette (ABC) Superfamily + ABC-type Uptake Permeases -> ABC superfamily, membrane component', 'cell structure -> membrane']","['TRANS-RXN0-492', 'TRANS-RXN0-491']",putative symport of na+ and ascorbate catabolism intermediate
G6845,b1587,ynfE,CPLX0-1601,,,G6845-MONOMER,BC-1.8,['metabolism -> metabolism of other compounds'],['RXN-24479'],"selenate reduction, missing gap reactions"
G6846,b1588,ynfF,CPLX0-1601,,,G6846-MONOMER,BC-1.8,['metabolism -> metabolism of other compounds'],['RXN-24479'],"selenate reduction, missing gap reactions"
G6847,b1589,ynfG,CPLX0-1601,,,G6847-MONOMER,BC-1.8,['metabolism -> metabolism of other compounds'],['RXN-24479'],"selenate reduction, missing gap reactions"
G6848,b1590,ynfH,CPLX0-1601,,,G6848-MONOMER,BC-1.8,['metabolism -> metabolism of other compounds'],['RXN-24479'],"selenate reduction, missing gap reactions"
G7248,b2385,ypdF,CPLX0-8290,,,G7248-MONOMER,BC-1.2.3,['metabolism -> degradation of macromolecules -> proteins/peptides/glycopeptides'],['RXN0-5052'],generic aminopeptidase
G7408,b2690,yqaB,G7408-MONOMER,,,G7408-MONOMER,BC-1,['metabolism'],['RXN0-5186'],fructose-1-phosphate phosphatase
EG12517,b4227,ytfQ,ABC-46-CPLX,,,YTFQ-MONOMER,BC-4.3.A.1.p,"['transport -> Primary Active Transporters -> Pyrophosphate Bond (ATP; GTP; P2) Hydrolysis-driven Active Transporters -> The ATP-binding Cassette (ABC) Superfamily + ABC-type Uptake Permeases -> ABC superfamily, periplasmic binding component']","['TRANS-RXN0-492', 'TRANS-RXN0-491']",putative symport of na+ and ascorbate catabolism intermediate
EG12518,b4228,ytfR,ABC-46-CPLX,,,YTFR-MONOMER,BC-4.3.A.1.a,['transport -> Primary Active Transporters -> Pyrophosphate Bond (ATP; GTP; P2) Hydrolysis-driven Active Transporters -> The ATP-binding Cassette (ABC) Superfamily + ABC-type Uptake Permeases -> ABC superfamily ATP binding cytoplasmic component'],"['TRANS-RXN0-492', 'TRANS-RXN0-491']",
EG12520,b4230,ytfT,ABC-46-CPLX,,,YTFT-MONOMER,"['BC-4.3.A.1.m', 'BC-6.1']","['transport -> Primary Active Transporters -> Pyrophosphate Bond (ATP; GTP; P2) Hydrolysis-driven Active Transporters -> The ATP-binding Cassette (ABC) Superfamily + ABC-type Uptake Permeases -> ABC superfamily, membrane component', 'cell structure -> membrane']","['TRANS-RXN0-492', 'TRANS-RXN0-491']",plant cell wall component catabolism
